Fe,Cr,Ni,Mo,Mn,Si,Cu,S,P,C,N,O,Nb,Ti,W,Co,V,Al,Zr,Ta,Ce,Re,B,MfgRoute,T[oC],t[hr],EtoJ,Rrp,Process_Original,Coolingmedium_Original,Solution_Original,Process_Clustered,Coolingmedium_Clustered,Solution_Clustered
65.01,25.2,6.3,3.8,0.4,0.3,0.15,0.001,0.024,0.016,0.35,0.017,0.0,0.0,0.0,0.0,0.0,0.0,0.0,0.0,0.0,0.0,0.0,0,1100,0.25,0.1,0.1,Solution annealing,Water Quenching,3.5 wt% NaCl,Processed/Treated,Water-based Cooling,Chloride/Saline Solution
63.4,24.88,6.61,3.47,0.69,0.59,0.0,0.0,0.0,0.0,0.0,0.0,0.0,0.0,0.0,0.0,0.0,0.0,0.0,0.0,0.0,0.0,0.0,1,1000,0.583,0.1889,0.014140380000000008,Solution annealing,Water Quenching,3.5 wt% NaCl,Processed/Treated,Water-based Cooling,Chloride/Saline Solution
63.4,24.88,6.61,3.47,0.69,0.59,0.0,0.0,0.0,0.0,0.0,0.0,0.0,0.0,0.0,0.0,0.0,0.0,0.0,0.0,0.0,0.0,0.0,1,1050,0.583,0.19357,0.009630094000000006,Solution annealing,Water Quenching,3.5 wt% NaCl,Processed/Treated,Water-based Cooling,Chloride/Saline Solution
63.4,24.88,6.61,3.47,0.69,0.59,0.0,0.0,0.0,0.0,0.0,0.0,0.0,0.0,0.0,0.0,0.0,0.0,0.0,0.0,0.0,0.0,0.0,1,1100,0.583,0.16746,0.034847132,Solution annealing,Water Quenching,3.5 wt% NaCl,Processed/Treated,Water-based Cooling,Chloride/Saline Solution
63.4,24.88,6.61,3.47,0.69,0.59,0.0,0.0,0.0,0.0,0.0,0.0,0.0,0.0,0.0,0.0,0.0,0.0,0.0,0.0,0.0,0.0,0.0,1,1150,0.583,0.16753,0.034779526000000005,Solution annealing,Water Quenching,3.5 wt% NaCl,Processed/Treated,Water-based Cooling,Chloride/Saline Solution
63.4,24.88,6.61,3.47,0.69,0.59,0.0,0.0,0.0,0.0,0.0,0.0,0.0,0.0,0.0,0.0,0.0,0.0,0.0,0.0,0.0,0.0,0.0,1,1200,0.583,0.16042,0.04164636399999999,Solution annealing,Water Quenching,3.5 wt% NaCl,Processed/Treated,Water-based Cooling,Chloride/Saline Solution
63.4,24.88,6.61,3.47,0.69,0.59,0.0,0.0,0.0,0.0,0.0,0.0,0.0,0.0,0.0,0.0,0.0,0.0,0.0,0.0,0.0,0.0,0.0,1,1050,0.333,0.0641,0.0641,Solution annealing,Water Quenching,3.5 wt% NaCl,Processed/Treated,Water-based Cooling,Chloride/Saline Solution
63.4,24.88,6.61,3.47,0.69,0.59,0.0,0.0,0.0,0.0,0.0,0.0,0.0,0.0,0.0,0.0,0.0,0.0,0.0,0.0,0.0,0.0,0.0,1,1050,0.5,0.0546,0.0546,Solution annealing,Water Quenching,3.5 wt% NaCl,Processed/Treated,Water-based Cooling,Chloride/Saline Solution
63.4,24.88,6.61,3.47,0.69,0.59,0.0,0.0,0.0,0.0,0.0,0.0,0.0,0.0,0.0,0.0,0.0,0.0,0.0,0.0,0.0,0.0,0.0,1,1050,0.667,0.05913,0.05913,Solution annealing,Water Quenching,3.5 wt% NaCl,Processed/Treated,Water-based Cooling,Chloride/Saline Solution
63.4,24.88,6.61,3.47,0.69,0.59,0.0,0.0,0.0,0.0,0.0,0.0,0.0,0.0,0.0,0.0,0.0,0.0,0.0,0.0,0.0,0.0,0.0,1,1050,1.0,0.06533,0.06533,Solution annealing,Water Quenching,3.5 wt% NaCl,Processed/Treated,Water-based Cooling,Chloride/Saline Solution
64.106,24.68,6.53,3.75,0.38,0.21,0.0,0.001,0.015,0.028,0.3,0.0,0.0,0.0,0.0,0.0,0.0,0.0,0.0,0.0,0.0,0.0,0.0,1,700,1.0,0.0934,0.0934,Solution aging,Water Quenching,3.5 wt% NaCl,Processed/Treated,Water-based Cooling,Chloride/Saline Solution
64.106,24.68,6.53,3.75,0.38,0.21,0.0,0.001,0.015,0.028,0.3,0.0,0.0,0.0,0.0,0.0,0.0,0.0,0.0,0.0,0.0,0.0,0.0,1,700,48.0,0.062,0.062,Solution aging,Water Quenching,3.5 wt% NaCl,Processed/Treated,Water-based Cooling,Chloride/Saline Solution
64.106,24.68,6.53,3.75,0.38,0.21,0.0,0.001,0.015,0.028,0.3,0.0,0.0,0.0,0.0,0.0,0.0,0.0,0.0,0.0,0.0,0.0,0.0,1,700,168.0,0.0666,0.0666,Solution aging,Water Quenching,3.5 wt% NaCl,Processed/Treated,Water-based Cooling,Chloride/Saline Solution
64.106,24.68,6.53,3.75,0.38,0.21,0.0,0.001,0.015,0.028,0.3,0.0,0.0,0.0,0.0,0.0,0.0,0.0,0.0,0.0,0.0,0.0,0.0,1,800,1.0,0.1113,0.08908646,Solution aging,Water Quenching,3.5 wt% NaCl,Processed/Treated,Water-based Cooling,Chloride/Saline Solution
64.106,24.68,6.53,3.75,0.38,0.21,0.0,0.001,0.015,0.028,0.3,0.0,0.0,0.0,0.0,0.0,0.0,0.0,0.0,0.0,0.0,0.0,0.0,1,800,48.0,0.11409,0.086391878,Solution aging,Water Quenching,3.5 wt% NaCl,Processed/Treated,Water-based Cooling,Chloride/Saline Solution
64.106,24.68,6.53,3.75,0.38,0.21,0.0,0.001,0.015,0.028,0.3,0.0,0.0,0.0,0.0,0.0,0.0,0.0,0.0,0.0,0.0,0.0,0.0,1,800,168.0,0.0961,0.0961,Solution aging,Water Quenching,3.5 wt% NaCl,Processed/Treated,Water-based Cooling,Chloride/Saline Solution
64.106,24.68,6.53,3.75,0.38,0.21,0.0,0.001,0.015,0.028,0.3,0.0,0.0,0.0,0.0,0.0,0.0,0.0,0.0,0.0,0.0,0.0,0.0,1,900,1.0,0.05961,0.05961,Solution aging,Water Quenching,3.5 wt% NaCl,Processed/Treated,Water-based Cooling,Chloride/Saline Solution
64.106,24.68,6.53,3.75,0.38,0.21,0.0,0.001,0.015,0.028,0.3,0.0,0.0,0.0,0.0,0.0,0.0,0.0,0.0,0.0,0.0,0.0,0.0,1,900,48.0,0.06194,0.06194,Solution aging,Water Quenching,3.5 wt% NaCl,Processed/Treated,Water-based Cooling,Chloride/Saline Solution
64.106,24.68,6.53,3.75,0.38,0.21,0.0,0.001,0.015,0.028,0.3,0.0,0.0,0.0,0.0,0.0,0.0,0.0,0.0,0.0,0.0,0.0,0.0,1,900,168.0,0.0486,0.0486,Solution aging,Water Quenching,3.5 wt% NaCl,Processed/Treated,Water-based Cooling,Chloride/Saline Solution
65.01,25.2,6.3,3.8,0.4,0.3,0.15,0.001,0.024,0.016,0.35,0.017,0.0,0.0,0.0,0.0,0.0,0.0,0.0,0.0,0.0,0.0,0.0,0,300,5.0,0.086,0.086,Stress relieving,Furnace Cooling,3.5 wt% NaCl,Processed/Treated,Air/Furnace Cooling,Chloride/Saline Solution
65.01,25.2,6.3,3.8,0.4,0.3,0.15,0.001,0.024,0.016,0.35,0.017,0.0,0.0,0.0,0.0,0.0,0.0,0.0,0.0,0.0,0.0,0.0,0,25,0.0166,0.093,0.093,Asreceived/Asbuilt/Asweld/Ascast/Asmade/Asprinted,Furnace Cooling,3.5 wt% NaCl,As-received/Initial,Air/Furnace Cooling,Chloride/Saline Solution
65.01,25.2,6.3,3.8,0.4,0.3,0.15,0.001,0.024,0.016,0.35,0.017,0.0,0.0,0.0,0.0,0.0,0.0,0.0,0.0,0.0,0.0,0.0,0,400,1.0,0.14,0.061368000000000006,Stress relieving,Furnace Cooling,3.5 wt% NaCl,Processed/Treated,Air/Furnace Cooling,Chloride/Saline Solution
65.01,25.2,6.3,3.8,0.4,0.3,0.15,0.001,0.024,0.016,0.35,0.017,0.0,0.0,0.0,0.0,0.0,0.0,0.0,0.0,0.0,0.0,0.0,0,550,5.0,0.11,0.090342,Stress relieving,Furnace Cooling,3.5 wt% NaCl,Processed/Treated,Air/Furnace Cooling,Chloride/Saline Solution
12.7,14.1,64.39,0.0,5.68,0.45,0.04,0.006,0.03,0.042,0.0,0.0,1.7,0.86,0.0,0.0,0.0,0.0,0.0,0.0,0.0,0.0,0.0,1,620,24.0,0.046,0.046,Stress relieving,Air Cooling,0.05 M H2SO4,Processed/Treated,Air/Furnace Cooling,Acidic Solution
12.7,14.1,64.39,0.0,5.68,0.45,0.04,0.006,0.03,0.042,0.0,0.0,1.7,0.86,0.0,0.0,0.0,0.0,0.0,0.0,0.0,0.0,0.0,1,620,24.0,0.051,0.051,Stress relieving,Air Cooling,0.0001 M CH3CSNH2,Processed/Treated,Air/Furnace Cooling,Other/Mixed/Sulfate
64.84,18.4,0.0,0.0,15.8,0.24,0.0,0.005,0.017,0.044,0.66,0.0,0.0,0.0,0.0,0.0,0.0,0.0,0.0,0.0,0.0,0.0,0.0,1,900,0.0166,0.01857,0.01857,Solution aging,Water Quenching,3.5 wt% NaCl,Processed/Treated,Water-based Cooling,Chloride/Saline Solution
64.84,18.4,0.0,0.0,15.8,0.24,0.0,0.005,0.017,0.044,0.66,0.0,0.0,0.0,0.0,0.0,0.0,0.0,0.0,0.0,0.0,0.0,0.0,1,900,0.167,0.01431,0.01431,Solution aging,Water Quenching,3.5 wt% NaCl,Processed/Treated,Water-based Cooling,Chloride/Saline Solution
64.84,18.4,0.0,0.0,15.8,0.24,0.0,0.005,0.017,0.044,0.66,0.0,0.0,0.0,0.0,0.0,0.0,0.0,0.0,0.0,0.0,0.0,0.0,1,900,0.333,0.01525,0.01525,Solution aging,Water Quenching,3.5 wt% NaCl,Processed/Treated,Water-based Cooling,Chloride/Saline Solution
64.84,18.4,0.0,0.0,15.8,0.24,0.0,0.005,0.017,0.044,0.66,0.0,0.0,0.0,0.0,0.0,0.0,0.0,0.0,0.0,0.0,0.0,0.0,1,900,1.0,0.01115,0.01115,Solution aging,Water Quenching,3.5 wt% NaCl,Processed/Treated,Water-based Cooling,Chloride/Saline Solution
59.73,25.3,7.1,2.1,0.86,0.69,0.0,0.0,0.0,0.03,0.25,0.0,0.0,0.0,3.94,0.0,0.0,0.0,0.0,0.0,0.0,0.0,0.0,1,600,0.0166,0.02727,0.02727,Solution aging,Water Quenching,H2SO4,Processed/Treated,Water-based Cooling,Acidic Solution
59.73,25.3,7.1,2.1,0.86,0.69,0.0,0.0,0.0,0.03,0.25,0.0,0.0,0.0,3.94,0.0,0.0,0.0,0.0,0.0,0.0,0.0,0.0,1,600,0.033,0.0263,0.0263,Solution aging,Water Quenching,H2SO4,Processed/Treated,Water-based Cooling,Acidic Solution
59.73,25.3,7.1,2.1,0.86,0.69,0.0,0.0,0.0,0.03,0.25,0.0,0.0,0.0,3.94,0.0,0.0,0.0,0.0,0.0,0.0,0.0,0.0,1,600,0.166,0.10909,0.091220878,Solution aging,Water Quenching,H2SO4,Processed/Treated,Water-based Cooling,Acidic Solution
59.73,25.3,7.1,2.1,0.86,0.69,0.0,0.0,0.0,0.03,0.25,0.0,0.0,0.0,3.94,0.0,0.0,0.0,0.0,0.0,0.0,0.0,0.0,1,600,0.5,0.0288,0.0288,Solution aging,Water Quenching,H2SO4,Processed/Treated,Water-based Cooling,Acidic Solution
59.73,25.3,7.1,2.1,0.86,0.69,0.0,0.0,0.0,0.03,0.25,0.0,0.0,0.0,3.94,0.0,0.0,0.0,0.0,0.0,0.0,0.0,0.0,1,600,1.0,0.1076,0.09265992,Solution aging,Water Quenching,H2SO4,Processed/Treated,Water-based Cooling,Acidic Solution
59.73,25.3,7.1,2.1,0.86,0.69,0.0,0.0,0.0,0.03,0.25,0.0,0.0,0.0,3.94,0.0,0.0,0.0,0.0,0.0,0.0,0.0,0.0,1,600,2.0,0.1142,0.08628564000000001,Solution aging,Water Quenching,H2SO4,Processed/Treated,Water-based Cooling,Acidic Solution
66.803,12.41,2.59,4.43,0.1,0.053,0.0,0.0,0.0,0.089,0.0,0.0,0.0,0.005,0.98,12.3,0.24,0.0,0.0,0.0,0.0,0.0,0.0,1,400,4.0,0.098,0.098,Tempering,Oil Quenching,0.1 mol/L Na2SO4 + 0.017 mol/L NaCl,Processed/Treated,Oil-based Cooling,Chloride/Saline Solution
66.803,12.41,2.59,4.43,0.1,0.053,0.0,0.0,0.0,0.089,0.0,0.0,0.0,0.005,0.98,12.3,0.24,0.0,0.0,0.0,0.0,0.0,0.0,1,520,4.0,0.095,0.095,Tempering,Oil Quenching,0.1 mol/L Na2SO4 + 0.017 mol/L NaCl,Processed/Treated,Oil-based Cooling,Chloride/Saline Solution
66.803,12.41,2.59,4.43,0.11,0.053,0.0,0.0,0.0,0.089,0.0,0.0,0.0,0.006,0.98,12.3,0.24,0.0,0.0,0.0,0.0,0.0,0.0,1,600,4.0,0.096,0.096,Tempering,Oil Quenching,0.1 mol/L Na2SO4 + 0.017 mol/L NaCl,Processed/Treated,Oil-based Cooling,Chloride/Saline Solution
66.803,12.41,2.59,4.43,0.1,0.053,0.0,0.0,0.0,0.089,0.0,0.0,0.0,0.005,0.98,12.3,0.24,0.0,0.0,0.0,0.0,0.0,0.0,1,400,4.0,0.0951,0.0951,Tempering,Oil Quenching,0.1 mol/L Na2SO4 + 0.17 mol/L NaCl,Processed/Treated,Oil-based Cooling,Chloride/Saline Solution
66.803,12.41,2.59,4.43,0.11,0.053,0.0,0.0,0.0,0.089,0.0,0.0,0.0,0.006,0.98,12.3,0.24,0.0,0.0,0.0,0.0,0.0,0.0,1,520,4.0,0.1164,0.08416088000000001,Tempering,Oil Quenching,0.1 mol/L Na2SO4 + 0.17 mol/L NaCl,Processed/Treated,Oil-based Cooling,Chloride/Saline Solution
66.803,12.41,2.59,4.43,0.1,0.053,0.0,0.0,0.0,0.089,0.0,0.0,0.0,0.005,0.98,12.3,0.24,0.0,0.0,0.0,0.0,0.0,0.0,1,600,4.0,0.0931,0.0931,Tempering,Oil Quenching,0.1 mol/L Na2SO4 + 0.17 mol/L NaCl,Processed/Treated,Oil-based Cooling,Chloride/Saline Solution
97.03,0.223,0.278,0.184,1.771,0.197,0.22,0.002,0.012,0.036,0.005,0.0,0.0,0.019,0.0,0.0,0.001,0.021,0.0,0.0,,0.0,0.0,1,1300,0.1667,0.103125,0.09698187500000001,Normalizing,Air Cooling,acidic soil,Processed/Treated,Air/Furnace Cooling,Acidic Solution
97.03,0.223,0.278,0.184,1.771,0.197,0.22,0.002,0.012,0.036,0.005,0.0,0.0,0.019,0.0,0.0,0.001,0.021,0.0,0.0,0.0,0.0,0.0,1,1300,0.1667,0.09937,0.09937,Solution annealing,Air Cooling,acidic soil,Processed/Treated,Air/Furnace Cooling,Acidic Solution
25.41,0.018,0.36,1.29,0.12,0.48,0.77,0.01,0.02,0.0,0.064,0.0,0.41,0.1,0.0,0.0,0.0,0.0,0.0,0.0,0.0,0.0,0.0,1,1000,1.0,0.278,0.009585285780000001,Solution annealing,Water Quenching,waste phosphoric acid (H3PO4),Processed/Treated,Water-based Cooling,Acidic Solution
81.178,17.0,0.0,0.86,0.25,0.51,0.0,0.011,0.031,0.1,0.0,0.0,0.0,0.06,0.0,0.0,0.0,0.0,0.0,0.0,0.0,0.0,0.0,1,1600,0.5,0.02224,0.02224,Asreceived/Asbuilt/Asweld/Ascast/Asmade/Asprinted,Water Quenching,10 wt-% HNO3,As-received/Initial,Water-based Cooling,Acidic Solution
81.147,16.97,0.0,0.86,0.25,0.52,0.0,0.011,0.032,0.1,0.0,0.0,0.0,0.11,0.0,0.0,0.0,0.0,0.0,0.0,0.0,0.0,0.0,1,1600,0.5,0.02365,0.02365,Asreceived/Asbuilt/Asweld/Ascast/Asmade/Asprinted,Water Quenching,10 wt-% HNO3,As-received/Initial,Water-based Cooling,Acidic Solution
81.08,16.91,0.0,0.85,0.25,0.52,0.0,0.011,0.029,0.09,0.0,0.0,0.0,0.26,0.0,0.0,0.0,0.0,0.0,0.0,0.0,0.0,0.0,1,1600,0.5,0.01277,0.01277,Asreceived/Asbuilt/Asweld/Ascast/Asmade/Asprinted,Water Quenching,10 wt-% HNO3,As-received/Initial,Water-based Cooling,Acidic Solution
81.178,17.0,0.0,0.86,0.25,0.51,0.0,0.011,0.031,0.1,0.0,0.0,0.0,0.06,0.0,0.0,0.0,0.0,0.0,0.0,0.0,0.0,0.0,1,1600,0.5,0.02386,0.02386,Asreceived/Asbuilt/Asweld/Ascast/Asmade/Asprinted,Water Quenching,10 wt-% HNO3,As-received/Initial,Water-based Cooling,Acidic Solution
81.147,16.97,0.0,0.86,0.25,0.52,0.0,0.011,0.032,0.1,0.0,0.0,0.0,0.11,0.0,0.0,0.0,0.0,0.0,0.0,0.0,0.0,0.0,1,1600,0.5,0.02341,0.02341,Asreceived/Asbuilt/Asweld/Ascast/Asmade/Asprinted,Water Quenching,10 wt-% HNO3,As-received/Initial,Water-based Cooling,Acidic Solution
81.08,16.91,0.0,0.85,0.25,0.52,0.0,0.011,0.029,0.09,0.0,0.0,0.0,0.26,0.0,0.0,0.0,0.0,0.0,0.0,0.0,0.0,0.0,1,1600,0.5,0.00632,0.00632,Asreceived/Asbuilt/Asweld/Ascast/Asmade/Asprinted,Water Quenching,10 wt-% HNO3,As-received/Initial,Water-based Cooling,Acidic Solution
81.178,17.0,0.0,0.86,0.25,0.51,0.0,0.011,0.031,0.1,0.0,0.0,0.0,0.06,0.0,0.0,0.0,0.0,0.0,0.0,0.0,0.0,0.0,1,1600,0.5,0.05933,0.05933,Asreceived/Asbuilt/Asweld/Ascast/Asmade/Asprinted,Water Quenching,10 wt-% NaOH,As-received/Initial,Water-based Cooling,Basic/Alkaline Solution
81.147,16.97,0.0,0.86,0.25,0.52,0.0,0.011,0.032,0.1,0.0,0.0,0.0,0.11,0.0,0.0,0.0,0.0,0.0,0.0,0.0,0.0,0.0,1,1600,0.5,0.04633,0.04633,Asreceived/Asbuilt/Asweld/Ascast/Asmade/Asprinted,Water Quenching,10 wt-% NaOH,As-received/Initial,Water-based Cooling,Basic/Alkaline Solution
81.08,16.91,0.0,0.85,0.25,0.52,0.0,0.011,0.029,0.09,0.0,0.0,0.0,0.26,0.0,0.0,0.0,0.0,0.0,0.0,0.0,0.0,0.0,1,1600,0.5,0.05363,0.05363,Asreceived/Asbuilt/Asweld/Ascast/Asmade/Asprinted,Water Quenching,10 wt-% NaOH,As-received/Initial,Water-based Cooling,Basic/Alkaline Solution
81.178,17.0,0.0,0.86,0.25,0.51,0.0,0.011,0.031,0.1,0.0,0.0,0.0,0.06,0.0,0.0,0.0,0.0,0.0,0.0,0.0,0.0,0.0,1,1600,0.5,0.0621,0.0621,Asreceived/Asbuilt/Asweld/Ascast/Asmade/Asprinted,Water Quenching,10 wt-% NaOH,As-received/Initial,Water-based Cooling,Basic/Alkaline Solution
81.147,16.97,0.0,0.86,0.25,0.52,0.0,0.011,0.032,0.1,0.0,0.0,0.0,0.11,0.0,0.0,0.0,0.0,0.0,0.0,0.0,0.0,0.0,1,1600,0.5,0.0529,0.0529,Asreceived/Asbuilt/Asweld/Ascast/Asmade/Asprinted,Water Quenching,10 wt-% NaOH,As-received/Initial,Water-based Cooling,Basic/Alkaline Solution
81.08,16.91,0.0,0.85,0.25,0.52,0.0,0.011,0.029,0.09,0.0,0.0,0.0,0.26,0.0,0.0,0.0,0.0,0.0,0.0,0.0,0.0,0.0,1,1600,0.5,0.052,0.052,Asreceived/Asbuilt/Asweld/Ascast/Asmade/Asprinted,Water Quenching,10 wt-% NaOH,As-received/Initial,Water-based Cooling,Basic/Alkaline Solution
59.845,26.99,6.48,4.89,1.0,0.27,0.13,0.001,0.017,0.017,0.36,0.0,0.0,0.0,0.0,0.0,0.0,0.0,0.0,0.0,0.0,0.0,0.0,1,1100,0.5,0.0153,0.0153,Solution annealing,Water Quenching,1 M NaBr,Processed/Treated,Water-based Cooling,Chloride/Saline Solution
59.845,26.99,6.48,4.89,1.0,0.27,0.13,0.001,0.017,0.017,0.36,0.0,0.0,0.0,0.0,0.0,0.0,0.0,0.0,0.0,0.0,0.0,0.0,1,900,0.166,0.004848,0.004848,Solution aging,Water Quenching,1 M NaBr,Processed/Treated,Water-based Cooling,Chloride/Saline Solution
59.845,26.99,6.48,4.89,1.0,0.27,0.13,0.001,0.017,0.017,0.36,0.0,0.0,0.0,0.0,0.0,0.0,0.0,0.0,0.0,0.0,0.0,0.0,1,900,0.5,0.005714,0.005714,Solution aging,Water Quenching,1 M NaBr,Processed/Treated,Water-based Cooling,Chloride/Saline Solution
59.845,26.99,6.48,4.89,1.0,0.27,0.13,0.001,0.017,0.017,0.36,0.0,0.0,0.0,0.0,0.0,0.0,0.0,0.0,0.0,0.0,0.0,0.0,1,900,2.0,0.01028,0.01028,Solution aging,Water Quenching,1 M NaBr,Processed/Treated,Water-based Cooling,Chloride/Saline Solution
59.845,26.99,6.48,4.89,1.0,0.27,0.13,0.001,0.017,0.017,0.36,0.0,0.0,0.0,0.0,0.0,0.0,0.0,0.0,0.0,0.0,0.0,0.0,1,900,4.0,0.006857,0.006857,Solution aging,Water Quenching,1 M NaBr,Processed/Treated,Water-based Cooling,Chloride/Saline Solution
59.845,26.99,6.48,4.89,1.0,0.27,0.13,0.001,0.017,0.017,0.36,0.0,0.0,0.0,0.0,0.0,0.0,0.0,0.0,0.0,0.0,0.0,0.0,1,900,10.0,0.01212,0.01212,Solution aging,Water Quenching,1 M NaBr,Processed/Treated,Water-based Cooling,Chloride/Saline Solution
59.845,26.99,6.48,4.89,1.0,0.27,0.13,0.001,0.017,0.017,0.36,0.0,0.0,0.0,0.0,0.0,0.0,0.0,0.0,0.0,0.0,0.0,0.0,1,900,20.0,0.006875,0.006875,Solution aging,Water Quenching,1 M NaBr,Processed/Treated,Water-based Cooling,Chloride/Saline Solution
59.845,26.99,6.48,4.89,1.0,0.27,0.13,0.001,0.017,0.017,0.36,0.0,0.0,0.0,0.0,0.0,0.0,0.0,0.0,0.0,0.0,0.0,0.0,1,900,26.0,0.0054216,0.0054216,Solution aging,Water Quenching,1 M NaBr,Processed/Treated,Water-based Cooling,Chloride/Saline Solution
64.304,22.03,8.73,3.28,0.59,0.82,0.07,0.008,0.025,0.029,0.114,0.0,0.0,0.0,0.0,0.0,0.0,0.0,0.0,0.0,0.0,0.0,0.0,1,1000,0.5,0.0238,0.0238,Solution aging,Water Quenching,1 M NaCl=1mol/L NaCl,Processed/Treated,Water-based Cooling,Chloride/Saline Solution
64.304,22.03,8.73,3.28,0.59,0.82,0.07,0.008,0.025,0.029,0.114,0.0,0.0,0.0,0.0,0.0,0.0,0.0,0.0,0.0,0.0,0.0,0.0,1,900,0.5,0.02346,0.02346,Solution aging,Water Quenching,1 M NaCl=1mol/L NaCl,Processed/Treated,Water-based Cooling,Chloride/Saline Solution
64.304,22.03,8.73,3.28,0.59,0.82,0.07,0.008,0.025,0.029,0.114,0.0,0.0,0.0,0.0,0.0,0.0,0.0,0.0,0.0,0.0,0.0,0.0,1,850,0.5,0.01722,0.01722,Solution aging,Water Quenching,1 M NaCl=1mol/L NaCl,Processed/Treated,Water-based Cooling,Chloride/Saline Solution
64.304,22.03,8.73,3.28,0.59,0.82,0.07,0.008,0.025,0.029,0.114,0.0,0.0,0.0,0.0,0.0,0.0,0.0,0.0,0.0,0.0,0.0,0.0,1,800,0.5,0.0122,0.0122,Solution aging,Water Quenching,1 M NaCl=1mol/L NaCl,Processed/Treated,Water-based Cooling,Chloride/Saline Solution
64.304,22.03,8.73,3.28,0.59,0.82,0.07,0.008,0.025,0.029,0.114,0.0,0.0,0.0,0.0,0.0,0.0,0.0,0.0,0.0,0.0,0.0,0.0,1,750,0.5,0.00833,0.00833,Solution aging,Water Quenching,1 M NaCl=1mol/L NaCl,Processed/Treated,Water-based Cooling,Chloride/Saline Solution
64.304,22.03,8.73,3.28,0.59,0.82,0.07,0.008,0.025,0.029,0.114,0.0,0.0,0.0,0.0,0.0,0.0,0.0,0.0,0.0,0.0,0.0,0.0,1,700,0.5,0.02057,0.02057,Solution aging,Water Quenching,1 M NaCl=1mol/L NaCl,Processed/Treated,Water-based Cooling,Chloride/Saline Solution
64.304,22.03,8.73,3.28,0.59,0.82,0.07,0.008,0.025,0.029,0.114,0.0,0.0,0.0,0.0,0.0,0.0,0.0,0.0,0.0,0.0,0.0,0.0,1,600,0.5,0.01611,0.01611,Solution aging,Water Quenching,1 M NaCl=1mol/L NaCl,Processed/Treated,Water-based Cooling,Chloride/Saline Solution
64.304,22.03,8.73,3.28,0.59,0.82,0.07,0.008,0.025,0.029,0.114,0.0,0.0,0.0,0.0,0.0,0.0,0.0,0.0,0.0,0.0,0.0,0.0,1,500,0.5,0.01944,0.01944,Solution aging,Water Quenching,1 M NaCl=1mol/L NaCl,Processed/Treated,Water-based Cooling,Chloride/Saline Solution
64.304,22.03,8.73,3.28,0.59,0.82,0.07,0.008,0.025,0.029,0.114,0.0,0.0,0.0,0.0,0.0,0.0,0.0,0.0,0.0,0.0,0.0,0.0,1,400,0.5,0.1055,0.09468810000000001,Solution aging,Water Quenching,1 M NaCl=1mol/L NaCl,Processed/Treated,Water-based Cooling,Chloride/Saline Solution
64.304,22.03,8.73,3.28,0.59,0.82,0.07,0.008,0.025,0.029,0.114,0.0,0.0,0.0,0.0,0.0,0.0,0.0,0.0,0.0,0.0,0.0,0.0,1,25,0.0166,0.01229,0.01229,Asreceived/Asbuilt/Asweld/Ascast/Asmade/Asprinted,Water Quenching,1 M NaCl=1mol/L NaCl,As-received/Initial,Water-based Cooling,Chloride/Saline Solution
72.552,21.1,1.0,0.02,3.62,0.71,0.78,0.0,0.0,0.028,0.19,0.0,0.0,0.0,0.0,0.0,0.0,0.0,0.0,0.0,0.0,0.0,0.0,1,700,0.0833,0.028,0.028,Solution aging,Water Quenching,3.5 wt% NaCl,Processed/Treated,Water-based Cooling,Chloride/Saline Solution
72.552,21.1,1.0,0.02,3.62,0.71,0.78,0.0,0.0,0.028,0.19,0.0,0.0,0.0,0.0,0.0,0.0,0.0,0.0,0.0,0.0,0.0,0.0,1,700,1.0,0.025,0.025,Solution aging,Water Quenching,3.5 wt% NaCl,Processed/Treated,Water-based Cooling,Chloride/Saline Solution
72.552,21.1,1.0,0.02,3.62,0.71,0.78,0.0,0.0,0.028,0.19,0.0,0.0,0.0,0.0,0.0,0.0,0.0,0.0,0.0,0.0,0.0,0.0,1,700,0.333,0.044,0.044,Solution aging,Water Quenching,3.5 wt% NaCl,Processed/Treated,Water-based Cooling,Chloride/Saline Solution
71.57,21.1,1.0,1.0,3.6,0.71,0.79,0.0,0.0,0.03,0.2,0.0,0.0,0.0,0.0,0.0,0.0,0.0,0.0,0.0,0.0,0.0,0.0,1,700,1.0,0.026,0.026,Solution aging,Water Quenching,3.5 wt% NaCl,Processed/Treated,Water-based Cooling,Chloride/Saline Solution
71.57,21.1,1.0,1.0,3.6,0.71,0.79,0.0,0.0,0.03,0.2,0.0,0.0,0.0,0.0,0.0,0.0,0.0,0.0,0.0,0.0,0.0,0.0,1,700,0.0833,0.038,0.038,Solution aging,Water Quenching,3.5 wt% NaCl,Processed/Treated,Water-based Cooling,Chloride/Saline Solution
71.57,21.1,1.0,1.0,3.6,0.71,0.79,0.0,0.0,0.03,0.2,0.0,0.0,0.0,0.0,0.0,0.0,0.0,0.0,0.0,0.0,0.0,0.0,1,700,2.0,0.0312,0.0312,Solution aging,Water Quenching,3.5 wt% NaCl,Processed/Treated,Water-based Cooling,Chloride/Saline Solution
70.431,21.2,0.99,1.93,3.7,0.71,0.79,0.0,0.0,0.029,0.22,0.0,0.0,0.0,0.0,0.0,0.0,0.0,0.0,0.0,0.0,0.0,0.0,1,700,0.333,0.0269,0.0269,Solution aging,Water Quenching,3.5 wt% NaCl,Processed/Treated,Water-based Cooling,Chloride/Saline Solution
70.431,21.2,0.99,1.93,3.7,0.71,0.79,0.0,0.0,0.029,0.22,0.0,0.0,0.0,0.0,0.0,0.0,0.0,0.0,0.0,0.0,0.0,0.0,1,700,0.0833,0.031,0.031,Solution aging,Water Quenching,3.5 wt% NaCl,Processed/Treated,Water-based Cooling,Chloride/Saline Solution
70.431,21.2,0.99,1.93,3.7,0.71,0.79,0.0,0.0,0.029,0.22,0.0,0.0,0.0,0.0,0.0,0.0,0.0,0.0,0.0,0.0,0.0,0.0,1,700,0.5,0.039,0.039,Solution aging,Water Quenching,3.5 wt% NaCl,Processed/Treated,Water-based Cooling,Chloride/Saline Solution
86.07,10.3,0.78,1.05,0.43,0.06,0.0,0.0,0.0,0.12,0.0,0.0,0.05,0.0,0.96,0.0,0.18,0.0,0.0,0.0,0.0,0.0,0.0,1,630,20000.0,0.06,0.06,Solution aging,Water Quenching,4.3 mol/L KOH,Processed/Treated,Water-based Cooling,Basic/Alkaline Solution
86.07,10.3,0.78,1.05,0.43,0.06,0.0,0.0,0.0,0.12,0.0,0.0,0.05,0.0,0.96,0.0,0.18,0.0,0.0,0.0,0.0,0.0,0.0,1,630,20000.0,0.18,0.022736000000000006,Solution aging,Water Quenching,4.3 mol/L KOH,Processed/Treated,Water-based Cooling,Basic/Alkaline Solution
86.07,10.3,0.78,1.05,0.43,0.06,0.0,0.0,0.0,0.12,0.0,0.0,0.05,0.0,0.96,0.0,0.18,0.0,0.0,0.0,0.0,0.0,0.0,1,630,20000.0,0.034,0.034,Solution aging,Water Quenching,4.3 mol/L KOH,Processed/Treated,Water-based Cooling,Basic/Alkaline Solution
86.07,10.3,0.78,1.05,0.43,0.06,0.0,0.0,0.0,0.12,0.0,0.0,0.05,0.0,0.96,0.0,0.18,0.0,0.0,0.0,0.0,0.0,0.0,1,630,20000.0,0.0232,0.0232,Solution aging,Water Quenching,4.3 mol/L KOH,Processed/Treated,Water-based Cooling,Basic/Alkaline Solution
33.357,0.0,5.429,3.12,1.585,0.524,0.0,0.01,0.028,0.026,0.2,0.0,0.031,0.006,0.002,0.0,0.058,0.0,0.0,0.0,0.0,0.0,0.0,1,850,2.0,0.026,0.026,Solution aging,Water Quenching,3.5 wt% NaCl,Processed/Treated,Water-based Cooling,Chloride/Saline Solution
33.357,0.0,5.429,3.12,1.585,0.524,0.0,0.01,0.028,0.026,0.2,0.0,0.031,0.006,0.002,0.0,0.058,0.0,0.0,0.0,0.0,0.0,0.0,1,850,2.0,0.025,0.025,Solution aging,Water Quenching,3.5 wt% NaCl,Processed/Treated,Water-based Cooling,Chloride/Saline Solution
31.8209,20.16,9.06,0.26,1.11,1.09,0.031,0.0039,0.023,0.024,0.033,0.0,0.0,0.0,0.0,0.026,0.0,0.0,0.0,0.0,0.0,0.0,0.0,1,475,3000.0,0.0131,0.0131,Solution aging,Water Quenching,3.5 wt% NaCl,Processed/Treated,Water-based Cooling,Chloride/Saline Solution
31.8209,20.16,9.06,0.26,1.11,1.09,0.031,0.0039,0.023,0.024,0.033,0.0,0.0,0.0,0.0,0.026,0.0,0.0,0.0,0.0,0.0,0.0,0.0,1,475,3000.0,0.0179,0.0179,Solution aging,Water Quenching,3.5 wt% NaCl,Processed/Treated,Water-based Cooling,Chloride/Saline Solution
31.8209,20.16,9.06,0.26,1.11,1.09,0.031,0.0039,0.023,0.024,0.033,0.0,0.0,0.0,0.0,0.026,0.0,0.0,0.0,0.0,0.0,0.0,0.0,1,550,1.0,0.0206,0.0206,Solution annealing,Water Quenching,3.5 wt% NaCl,Processed/Treated,Water-based Cooling,Chloride/Saline Solution
71.414,22.57,1.1,0.07,3.95,0.69,0.0,0.03,0.03,0.026,0.12,0.0,0.0,0.0,0.0,0.0,0.0,0.0,0.0,0.0,0.0,0.0,0.0,1,850,3.0,0.07625,0.07625,Solution aging,Water Quenching,0.05 mol/L NaCl,Processed/Treated,Water-based Cooling,Chloride/Saline Solution
71.414,22.57,1.1,0.07,3.95,0.69,0.0,0.03,0.03,0.026,0.12,0.0,0.0,0.0,0.0,0.0,0.0,0.0,0.0,0.0,0.0,0.0,0.0,1,850,100.0,0.0736,0.0736,Solution aging,Water Quenching,0.05 mol/L NaCl,Processed/Treated,Water-based Cooling,Chloride/Saline Solution
71.414,22.57,1.1,0.07,3.95,0.69,0.0,0.03,0.03,0.026,0.12,0.0,0.0,0.0,0.0,0.0,0.0,0.0,0.0,0.0,0.0,0.0,0.0,1,850,20.0,0.0791,0.0791,Solution aging,Water Quenching,0.05 mol/L NaCl,Processed/Treated,Water-based Cooling,Chloride/Saline Solution
71.414,22.57,1.1,0.07,3.95,0.69,0.0,0.03,0.03,0.026,0.12,0.0,0.0,0.0,0.0,0.0,0.0,0.0,0.0,0.0,0.0,0.0,0.0,1,750,1.5,0.0653,0.0653,Solution aging,Water Quenching,0.05 mol/L NaCl,Processed/Treated,Water-based Cooling,Chloride/Saline Solution
71.414,22.57,1.1,0.07,3.95,0.69,0.0,0.03,0.03,0.026,0.12,0.0,0.0,0.0,0.0,0.0,0.0,0.0,0.0,0.0,0.0,0.0,0.0,1,25,0.0166,0.02402234637,0.02402234637,Asreceived/Asbuilt/Asweld/Ascast/Asmade/Asprinted,Water Quenching,0.05 mol/L NaCl,As-received/Initial,Water-based Cooling,Chloride/Saline Solution
71.414,22.57,1.1,0.07,3.95,0.69,0.0,0.03,0.03,0.026,0.12,0.0,0.0,0.0,0.0,0.0,0.0,0.0,0.0,0.0,0.0,0.0,0.0,1,850,3.0,0.05866666667,0.05866666667,Solution aging,Water Quenching,0.05 mol/L NaCl,Processed/Treated,Water-based Cooling,Chloride/Saline Solution
71.414,22.57,1.1,0.07,3.95,0.69,0.0,0.03,0.03,0.026,0.12,0.0,0.0,0.0,0.0,0.0,0.0,0.0,0.0,0.0,0.0,0.0,0.0,1,850,100.0,0.06708860759,0.06708860759,Solution aging,Water Quenching,0.05 mol/L NaCl,Processed/Treated,Water-based Cooling,Chloride/Saline Solution
71.414,22.57,1.1,0.07,3.95,0.69,0.0,0.03,0.03,0.026,0.12,0.0,0.0,0.0,0.0,0.0,0.0,0.0,0.0,0.0,0.0,0.0,0.0,1,850,20.0,0.06666666667,0.06666666667,Solution aging,Water Quenching,0.05 mol/L NaCl,Processed/Treated,Water-based Cooling,Chloride/Saline Solution
71.414,22.57,1.1,0.07,3.95,0.69,0.0,0.03,0.03,0.026,0.12,0.0,0.0,0.0,0.0,0.0,0.0,0.0,0.0,0.0,0.0,0.0,0.0,1,750,1.5,0.05899280576,0.05899280576,Solution aging,Water Quenching,0.05 mol/L NaCl,Processed/Treated,Water-based Cooling,Chloride/Saline Solution
71.414,22.57,1.1,0.07,3.95,0.69,0.0,0.03,0.03,0.026,0.12,0.0,0.0,0.0,0.0,0.0,0.0,0.0,0.0,0.0,0.0,0.0,0.0,1,25,0.0166,0.0525,0.0525,Asreceived/Asbuilt/Asweld/Ascast/Asmade/Asprinted,Water Quenching,0.05 mol/L NaCl,As-received/Initial,Water-based Cooling,Chloride/Saline Solution
70.016,23.17,4.29,0.18,1.43,0.56,0.15,0.03,0.027,0.027,0.12,0.0,0.0,0.0,0.0,0.0,0.0,0.0,0.0,0.0,0.0,0.0,0.0,1,850,1.0,0.31014,0.012133939891400002,Solution aging,Water Quenching,0.05 mol/L NaCl,Processed/Treated,Water-based Cooling,Chloride/Saline Solution
70.016,23.17,4.29,0.18,1.43,0.56,0.15,0.03,0.027,0.027,0.12,0.0,0.0,0.0,0.0,0.0,0.0,0.0,0.0,0.0,0.0,0.0,0.0,1,750,1.0,0.09827,0.09827,Solution aging,Water Quenching,0.05 mol/L NaCl,Processed/Treated,Water-based Cooling,Chloride/Saline Solution
70.016,23.17,4.29,0.18,1.43,0.56,0.15,0.03,0.027,0.027,0.12,0.0,0.0,0.0,0.0,0.0,0.0,0.0,0.0,0.0,0.0,0.0,0.0,1,25,0.0166,0.02734177215,0.02734177215,Asreceived/Asbuilt/Asweld/Ascast/Asmade/Asprinted,Water Quenching,0.05 mol/L NaCl,As-received/Initial,Water-based Cooling,Chloride/Saline Solution
70.016,23.17,4.29,0.18,1.43,0.56,0.15,0.03,0.027,0.027,0.12,0.0,0.0,0.0,0.0,0.0,0.0,0.0,0.0,0.0,0.0,0.0,0.0,1,850,1.0,0.05189873418,0.05189873418,Solution aging,Water Quenching,0.05 mol/L NaCl,Processed/Treated,Water-based Cooling,Chloride/Saline Solution
70.016,23.17,4.29,0.18,1.43,0.56,0.15,0.03,0.027,0.027,0.12,0.0,0.0,0.0,0.0,0.0,0.0,0.0,0.0,0.0,0.0,0.0,0.0,1,750,1.0,0.05540540541,0.05540540541,Solution aging,Water Quenching,0.05 mol/L NaCl,Processed/Treated,Water-based Cooling,Chloride/Saline Solution
70.016,23.17,4.29,0.18,1.43,0.56,0.15,0.03,0.027,0.027,0.12,0.0,0.0,0.0,0.0,0.0,0.0,0.0,0.0,0.0,0.0,0.0,0.0,1,25,0.0166,0.04470588235,0.04470588235,Asreceived/Asbuilt/Asweld/Ascast/Asmade/Asprinted,Water Quenching,0.05 mol/L NaCl,As-received/Initial,Water-based Cooling,Chloride/Saline Solution
31.8019,20.19,8.92,0.21,1.13,1.27,0.0,0.0009,0.023,0.027,0.031,0.0,0.0,0.0,0.0,0.0,0.0,0.0,0.0,0.0,0.0,0.0,0.0,1,860,0.5,0.03375,0.03375,Solution annealing,Water Quenching,0.5 M NaCl,Processed/Treated,Water-based Cooling,Chloride/Saline Solution
31.8019,20.19,8.92,0.21,1.13,1.27,0.0,0.0009,0.023,0.027,0.031,0.0,0.0,0.0,0.0,0.0,0.0,0.0,0.0,0.0,0.0,0.0,0.0,1,860,1.0,0.0363,0.0363,Solution annealing,Water Quenching,0.5 M NaCl,Processed/Treated,Water-based Cooling,Chloride/Saline Solution
31.8019,20.19,8.92,0.21,1.13,1.27,0.0,0.0009,0.023,0.027,0.031,0.0,0.0,0.0,0.0,0.0,0.0,0.0,0.0,0.0,0.0,0.0,0.0,1,750,4.0,0.0334,0.0334,Solution annealing,Water Quenching,0.5 M NaCl,Processed/Treated,Water-based Cooling,Chloride/Saline Solution
31.8019,20.19,8.92,0.21,1.13,1.27,0.0,0.0009,0.023,0.027,0.031,0.0,0.0,0.0,0.0,0.0,0.0,0.0,0.0,0.0,0.0,0.0,0.0,1,750,10.0,0.0356,0.0356,Solution annealing,Water Quenching,0.5 M NaCl,Processed/Treated,Water-based Cooling,Chloride/Saline Solution
31.8019,20.19,8.92,0.21,1.13,1.27,0.0,0.0009,0.023,0.027,0.031,0.0,0.0,0.0,0.0,0.0,0.0,0.0,0.0,0.0,0.0,0.0,0.0,1,750,4.0,0.03382,0.03382,Solution aging,Water Quenching,0.5 M NaCl,Processed/Treated,Water-based Cooling,Chloride/Saline Solution
31.8019,20.19,8.92,0.21,1.13,1.27,0.0,0.0009,0.023,0.027,0.031,0.0,0.0,0.0,0.0,0.0,0.0,0.0,0.0,0.0,0.0,0.0,0.0,1,750,10.0,0.0422,0.0422,Solution aging,Water Quenching,0.5 M NaCl,Processed/Treated,Water-based Cooling,Chloride/Saline Solution
31.8019,20.19,8.92,0.21,1.13,1.27,0.0,0.0009,0.023,0.027,0.031,0.0,0.0,0.0,0.0,0.0,0.0,0.0,0.0,0.0,0.0,0.0,0.0,1,750,22.0,0.03762,0.03762,Solution aging,Water Quenching,0.5 M NaCl,Processed/Treated,Water-based Cooling,Chloride/Saline Solution
31.8019,20.19,8.92,0.21,1.13,1.27,0.0,0.0009,0.023,0.027,0.031,0.0,0.0,0.0,0.0,0.0,0.0,0.0,0.0,0.0,0.0,0.0,0.0,1,750,24.0,0.03534,0.03534,Solution aging,Water Quenching,0.5 M NaCl,Processed/Treated,Water-based Cooling,Chloride/Saline Solution
31.8019,20.19,8.92,0.21,1.13,1.27,0.0,0.0009,0.023,0.027,0.031,0.0,0.0,0.0,0.0,0.0,0.0,0.0,0.0,0.0,0.0,0.0,0.0,1,750,50.0,0.0408,0.0408,Solution aging,Water Quenching,0.5 M NaCl,Processed/Treated,Water-based Cooling,Chloride/Saline Solution
31.8019,20.19,8.92,0.21,1.13,1.27,0.0,0.0009,0.023,0.027,0.031,0.0,0.0,0.0,0.0,0.0,0.0,0.0,0.0,0.0,0.0,0.0,0.0,1,750,100.0,0.0344,0.0344,Solution aging,Water Quenching,0.5 M NaCl,Processed/Treated,Water-based Cooling,Chloride/Saline Solution
31.8019,20.19,8.92,0.21,1.13,1.27,0.0,0.0009,0.023,0.027,0.031,0.0,0.0,0.0,0.0,0.0,0.0,0.0,0.0,0.0,0.0,0.0,0.0,1,1050,0.5,0.03662,0.03662,Solution aging,Water Quenching,0.5 M NaCl,Processed/Treated,Water-based Cooling,Chloride/Saline Solution
32.657,24.1,3.39,1.54,3.01,0.37,0.0,0.004,0.012,0.001,0.23,0.0,0.0,0.0,0.0,0.0,0.0,0.0,0.0,0.0,0.0,0.0,0.0,1,1040,2.0,0.02674,0.02674,Solution annealing,Water Quenching,1 M NaCl=1mol/L NaCl,Processed/Treated,Water-based Cooling,Chloride/Saline Solution
32.657,24.1,3.39,1.54,3.01,0.37,0.0,0.004,0.012,0.001,0.23,0.0,0.0,0.0,0.0,0.0,0.0,0.0,0.0,0.0,0.0,0.0,0.0,1,600,0.25,0.04341,0.04341,Solution aging,Water Quenching,1 M NaCl=1mol/L NaCl,Processed/Treated,Water-based Cooling,Chloride/Saline Solution
32.657,24.1,3.39,1.54,3.01,0.37,0.0,0.004,0.012,0.001,0.23,0.0,0.0,0.0,0.0,0.0,0.0,0.0,0.0,0.0,0.0,0.0,0.0,1,700,0.25,0.04438,0.04438,Solution aging,Water Quenching,1 M NaCl=1mol/L NaCl,Processed/Treated,Water-based Cooling,Chloride/Saline Solution
32.657,24.1,3.39,1.54,3.01,0.37,0.0,0.004,0.012,0.001,0.23,0.0,0.0,0.0,0.0,0.0,0.0,0.0,0.0,0.0,0.0,0.0,0.0,1,750,0.25,0.0456,0.0456,Solution aging,Water Quenching,1 M NaCl=1mol/L NaCl,Processed/Treated,Water-based Cooling,Chloride/Saline Solution
32.657,24.1,3.39,1.54,3.01,0.37,0.0,0.004,0.012,0.001,0.23,0.0,0.0,0.0,0.0,0.0,0.0,0.0,0.0,0.0,0.0,0.0,0.0,1,800,0.25,0.04986,0.04986,Solution aging,Water Quenching,1 M NaCl=1mol/L NaCl,Processed/Treated,Water-based Cooling,Chloride/Saline Solution
32.657,24.1,3.39,1.54,3.01,0.37,0.0,0.004,0.012,0.001,0.23,0.0,0.0,0.0,0.0,0.0,0.0,0.0,0.0,0.0,0.0,0.0,0.0,1,850,0.25,0.04525,0.04525,Solution aging,Water Quenching,1 M NaCl=1mol/L NaCl,Processed/Treated,Water-based Cooling,Chloride/Saline Solution
32.657,24.1,3.39,1.54,3.01,0.37,0.0,0.004,0.012,0.001,0.23,0.0,0.0,0.0,0.0,0.0,0.0,0.0,0.0,0.0,0.0,0.0,0.0,1,900,0.25,0.04721,0.04721,Solution aging,Water Quenching,1 M NaCl=1mol/L NaCl,Processed/Treated,Water-based Cooling,Chloride/Saline Solution
32.657,24.1,3.39,1.54,3.01,0.37,0.0,0.004,0.012,0.001,0.23,0.0,0.0,0.0,0.0,0.0,0.0,0.0,0.0,0.0,0.0,0.0,0.0,1,950,0.25,0.0392,0.0392,Solution aging,Water Quenching,1 M NaCl=1mol/L NaCl,Processed/Treated,Water-based Cooling,Chloride/Saline Solution
66.72,22.36,5.72,3.02,1.52,0.46,0.0,0.001,0.008,0.021,0.17,0.0,0.0,0.0,0.0,0.0,0.0,0.0,0.0,0.0,0.0,0.0,0.0,1,1040,0.0166,0.0305,0.0305,Solution aging,Water Quenching,2 M NaCl,Processed/Treated,Water-based Cooling,Chloride/Saline Solution
66.72,22.36,5.72,3.02,1.52,0.46,0.0,0.001,0.008,0.021,0.17,0.0,0.0,0.0,0.0,0.0,0.0,0.0,0.0,0.0,0.0,0.0,0.0,1,25,0.0166,0.055746,0.055746,Solution annealing,Water Quenching,2 M NaCl,Processed/Treated,Water-based Cooling,Chloride/Saline Solution
66.72,22.36,5.72,3.02,1.52,0.46,0.0,0.001,0.008,0.021,0.17,0.0,0.0,0.0,0.0,0.0,0.0,0.0,0.0,0.0,0.0,0.0,0.0,1,1020,0.025,0.034875,0.034875,Solution annealing,Water Quenching,2 M NaCl,Processed/Treated,Water-based Cooling,Chloride/Saline Solution
66.72,22.36,5.72,3.02,1.52,0.46,0.0,0.001,0.008,0.021,0.17,0.0,0.0,0.0,0.0,0.0,0.0,0.0,0.0,0.0,0.0,0.0,0.0,1,1050,0.025,0.03075,0.03075,Solution aging,Water Quenching,2 M NaCl,Processed/Treated,Water-based Cooling,Chloride/Saline Solution
66.72,22.36,5.72,3.02,1.52,0.46,0.0,0.001,0.008,0.021,0.17,0.0,0.0,0.0,0.0,0.0,0.0,0.0,0.0,0.0,0.0,0.0,0.0,1,1080,0.025,0.028875,0.028875,Solution aging,Water Quenching,2 M NaCl,Processed/Treated,Water-based Cooling,Chloride/Saline Solution
66.72,22.36,5.72,3.02,1.52,0.46,0.0,0.001,0.008,0.021,0.17,0.0,0.0,0.0,0.0,0.0,0.0,0.0,0.0,0.0,0.0,0.0,0.0,1,1100,0.025,0.0304375,0.0304375,Solution aging,Water Quenching,2 M NaCl,Processed/Treated,Water-based Cooling,Chloride/Saline Solution
67.538,22.48,5.17,3.1,1.46,0.0,0.0,0.005,0.005,0.002,0.24,0.0,0.0,0.0,0.0,0.0,0.0,0.0,0.0,0.0,0.0,0.0,0.0,1,1150,1.0,0.01938,0.01938,Solution annealing,Water Quenching,2 M NaCl,Processed/Treated,Water-based Cooling,Chloride/Saline Solution
67.56,22.43,5.18,3.14,1.46,0.0,0.0,0.006,0.004,0.09,0.13,0.0,0.0,0.0,0.0,0.0,0.0,0.0,0.0,0.0,0.0,0.0,0.0,1,1130,1.0,0.0242857,0.0242857,Solution annealing,Water Quenching,2 M NaCl,Processed/Treated,Water-based Cooling,Chloride/Saline Solution
71.05,21.4,1.6,0.3,5.02,0.4,0.0,0.0,0.0,0.02,0.21,0.0,0.0,0.0,0.0,0.0,0.0,0.0,0.0,0.0,0.0,0.0,0.0,1,25,0.0166,0.01,0.01,Solution annealing,Water Quenching,0.1-M HCl,Processed/Treated,Water-based Cooling,Acidic Solution
71.05,21.4,1.6,0.3,5.02,0.4,0.0,0.0,0.0,0.02,0.21,0.0,0.0,0.0,0.0,0.0,0.0,0.0,0.0,0.0,0.0,0.0,0.0,1,1000,1.0,0.01012,0.01012,Asreceived/Asbuilt/Asweld/Ascast/Asmade/Asprinted,Water Quenching,0.1-M HCl,As-received/Initial,Water-based Cooling,Acidic Solution
71.05,21.4,1.6,0.3,5.02,0.4,0.0,0.0,0.0,0.02,0.21,0.0,0.0,0.0,0.0,0.0,0.0,0.0,0.0,0.0,0.0,0.0,0.0,1,1150,1.0,0.008421,0.008421,Solution annealing,Water Quenching,0.1-M HCl,Processed/Treated,Water-based Cooling,Acidic Solution
71.05,21.4,1.6,0.3,5.02,0.4,0.0,0.0,0.0,0.02,0.21,0.0,0.0,0.0,0.0,0.0,0.0,0.0,0.0,0.0,0.0,0.0,0.0,1,1250,1.0,0.01187,0.01187,Solution annealing,Water Quenching,0.1-M HCl,Processed/Treated,Water-based Cooling,Acidic Solution
71.05,21.4,1.6,0.3,5.02,0.4,0.0,0.0,0.0,0.02,0.21,0.0,0.0,0.0,0.0,0.0,0.0,0.0,0.0,0.0,0.0,0.0,0.0,1,1300,1.0,0.011176,0.011176,Solution annealing,Water Quenching,0.1-M HCl,Processed/Treated,Water-based Cooling,Acidic Solution
71.05,21.4,1.6,0.3,5.02,0.4,0.0,0.0,0.0,0.02,0.21,0.0,0.0,0.0,0.0,0.0,0.0,0.0,0.0,0.0,0.0,0.0,0.0,1,1350,1.0,0.009836,0.009836,Stress relieving,Water Quenching,0.1-M HCl,Processed/Treated,Water-based Cooling,Acidic Solution
65.768,25.31,25.0,,0.926,,0.0,0.009,0.024,0.033,0.2,0.0,0.0,0.0,0.0,0.0,0.0,0.0,0.0,0.0,0.0,0.0,0.0,1,25,0.0166,0.005586,0.005586,Asreceived/Asbuilt/Asweld/Ascast/Asmade/Asprinted,Water Quenching,3.5 wt% NaCl,As-received/Initial,Water-based Cooling,Chloride/Saline Solution
65.768,25.31,5.2,1.819,0.926,0.711,0.0,0.009,0.024,0.033,0.2,0.0,0.0,0.0,0.0,0.0,0.0,0.0,0.0,0.0,0.0,0.0,0.0,1,750,3.0,0.001111,0.001111,Solution aging,Water Quenching,3.5 wt% NaCl,Processed/Treated,Water-based Cooling,Chloride/Saline Solution
65.768,25.31,5.2,1.819,0.926,0.711,0.0,0.009,0.024,0.033,0.2,0.0,0.0,0.0,0.0,0.0,0.0,0.0,0.0,0.0,0.0,0.0,0.0,1,750,6.0,0.0047619,0.0047619,Solution aging,Water Quenching,3.5 wt% NaCl,Processed/Treated,Water-based Cooling,Chloride/Saline Solution
65.768,25.31,5.2,1.819,0.926,0.711,0.0,0.009,0.024,0.033,0.2,0.0,0.0,0.0,0.0,0.0,0.0,0.0,0.0,0.0,0.0,0.0,0.0,1,750,12.0,0.0294117,0.0294117,Solution aging,Water Quenching,3.5 wt% NaCl,Processed/Treated,Water-based Cooling,Chloride/Saline Solution
65.768,25.31,5.2,1.819,0.926,0.711,0.0,0.009,0.024,0.033,0.2,0.0,0.0,0.0,0.0,0.0,0.0,0.0,0.0,0.0,0.0,0.0,0.0,1,750,24.0,0.008888,0.008888,Solution aging,Water Quenching,3.5 wt% NaCl,Processed/Treated,Water-based Cooling,Chloride/Saline Solution
65.768,25.31,5.2,1.819,0.926,0.711,0.0,0.009,0.024,0.033,0.2,0.0,0.0,0.0,0.0,0.0,0.0,0.0,0.0,0.0,0.0,0.0,0.0,1,750,48.0,0.001142,0.001142,Solution aging,Water Quenching,3.5 wt% NaCl,Processed/Treated,Water-based Cooling,Chloride/Saline Solution
65.768,25.31,5.2,1.819,0.926,0.711,0.0,0.009,0.024,0.033,0.2,0.0,0.0,0.0,0.0,0.0,0.0,0.0,0.0,0.0,0.0,0.0,0.0,1,750,72.0,0.0022857,0.0022857,Solution aging,Water Quenching,3.5 wt% NaCl,Processed/Treated,Water-based Cooling,Chloride/Saline Solution
65.768,25.31,5.2,1.819,0.926,0.711,0.0,0.009,0.024,0.033,0.2,0.0,0.0,0.0,0.0,0.0,0.0,0.0,0.0,0.0,0.0,0.0,0.0,1,750,96.0,0.0033519,0.0033519,Solution aging,Water Quenching,3.5 wt% NaCl,Processed/Treated,Water-based Cooling,Chloride/Saline Solution
66.62,23.02,5.36,3.28,1.6,0.0,0.0,0.0,0.0,0.0,0.12,0.0,0.0,0.0,0.0,0.0,0.0,0.0,0.0,0.0,0.0,0.0,0.0,1,850,0.0166,0.05676,0.05676,Solution aging,Water Quenching,2 M H2SO4 sulphuric acid,Processed/Treated,Water-based Cooling,Acidic Solution
66.62,23.02,5.36,3.28,1.6,0.0,0.0,0.0,0.0,0.0,0.12,0.0,0.0,0.0,0.0,0.0,0.0,0.0,0.0,0.0,0.0,0.0,0.0,1,850,0.0833,0.062857,0.062857,Solution annealing,Water Quenching,2 M H2SO4 sulphuric acid,Processed/Treated,Water-based Cooling,Acidic Solution
66.62,23.02,5.36,3.28,1.6,0.0,0.0,0.0,0.0,0.0,0.12,0.0,0.0,0.0,0.0,0.0,0.0,0.0,0.0,0.0,0.0,0.0,0.0,1,850,0.0166,0.06838,0.06838,Solution aging,Water Quenching,2 M H2SO4 sulphuric acid,Processed/Treated,Water-based Cooling,Acidic Solution
66.62,23.02,5.36,3.28,1.6,0.0,0.0,0.0,0.0,0.0,0.12,0.0,0.0,0.0,0.0,0.0,0.0,0.0,0.0,0.0,0.0,0.0,0.0,1,850,1.0,0.05907,0.05907,Solution aging,Water Quenching,2 M H2SO4 sulphuric acid,Processed/Treated,Water-based Cooling,Acidic Solution
42.907,23.36,21.75,7.46,3.4,0.22,0.46,0.001,0.007,0.015,0.42,0.0,0.0,0.0,0.0,0.0,0.0,0.0,0.0,0.0,0.0,0.0,0.0,1,1200,1.0,0.009332,0.009332,Solution annealing,Water Quenching,+ 2 wt.% H2SO4 & 0.06 wt.% KCl,Processed/Treated,Water-based Cooling,Acidic Solution
42.907,23.36,21.75,7.46,3.4,0.22,0.46,0.001,0.007,0.015,0.42,0.0,0.0,0.0,0.0,0.0,0.0,0.0,0.0,0.0,0.0,0.0,0.0,1,1200,1.0,0.005815,0.005815,Solution annealing,Water Quenching,+ 2 wt.% H2SO4 & 0.06 wt.% KCl,Processed/Treated,Water-based Cooling,Acidic Solution
42.907,23.36,21.75,7.46,3.4,0.22,0.46,0.001,0.007,0.015,0.42,0.0,0.0,0.0,0.0,0.0,0.0,0.0,0.0,0.0,0.0,0.0,0.0,1,1200,1.0,0.0045863,0.0045863,Solution annealing,Water Quenching,+ 2 wt.% H2SO4 & 0.06 wt.% KCl,Processed/Treated,Water-based Cooling,Acidic Solution
42.907,23.36,21.75,7.46,3.4,0.22,0.46,0.001,0.007,0.015,0.42,0.0,0.0,0.0,0.0,0.0,0.0,0.0,0.0,0.0,0.0,0.0,0.0,1,1200,1.0,0.02921,0.02921,Solution annealing,Water Quenching,+ 2 wt.% H2SO4 & 0.06 wt.% KCl,Processed/Treated,Water-based Cooling,Acidic Solution
70.95,23.0,2.5,0.45,2.0,0.0,0.0,0.0,0.0,0.0,0.0,0.0,0.0,0.0,0.0,0.0,0.0,0.0,0.0,0.0,0.0,0.0,0.0,1,25,0.0166,0.8,0.050979107999999995,Asreceived/Asbuilt/Asweld/Ascast/Asmade/Asprinted,Air Cooling,0.1-M HCl,As-received/Initial,Air/Furnace Cooling,Acidic Solution
70.95,23.0,2.5,0.45,2.0,0.0,0.0,0.0,0.0,0.0,0.0,0.0,0.0,0.0,0.0,0.0,0.0,0.0,0.0,0.0,0.0,0.0,0.0,1,1100,24.0,0.9444,0.058524461624,Solution annealing,Air Cooling,0.1-M HCl,Processed/Treated,Air/Furnace Cooling,Acidic Solution
12.7,14.1,64.392,0.0,5.6,0.45,0.04,0.006,0.03,0.042,0.0,0.0,1.7,0.86,0.0,0.0,0.0,0.0,0.0,0.0,0.0,0.0,0.0,1,25,0.0166,0.02611,0.02611,Asreceived/Asbuilt/Asweld/Ascast/Asmade/Asprinted,Water Quenching,0.05 M H2SO4 + 0.003 M CH3CSNH2,As-received/Initial,Water-based Cooling,Acidic Solution
12.7,14.1,64.392,0.0,5.6,0.45,0.04,0.006,0.03,0.042,0.0,0.0,1.7,0.86,0.0,0.0,0.0,0.0,0.0,0.0,0.0,0.0,0.0,1,1100,24.0,0.03935,0.03935,Solution annealing,Water Quenching,0.05 M H2SO4 + 0.003 M CH3CSNH2,Processed/Treated,Water-based Cooling,Acidic Solution
12.7,14.1,64.392,0.0,5.6,0.45,0.04,0.006,0.03,0.042,0.0,0.0,1.7,0.86,0.0,0.0,0.0,0.0,0.0,0.0,0.0,0.0,0.0,1,620,24.0,0.05,0.05,Stress relieving,Water Quenching,0.05 M H2SO4 + 0.003 M CH3CSNH2,Processed/Treated,Water-based Cooling,Acidic Solution
68.417,23.6,1.04,0.5,6.05,0.0,0.0,0.0,0.0,0.01,0.383,0.0,0.0,0.0,0.0,0.0,0.0,0.0,0.0,0.0,0.0,0.0,0.0,1,1000,0.0833,0.027,0.027,Solution annealing,Water Quenching,3.5 wt% NaCl,Processed/Treated,Water-based Cooling,Chloride/Saline Solution
68.564,23.0,0.997,0.5,6.06,0.0,0.494,0.0,0.0,0.02,0.365,0.0,0.0,0.0,0.0,0.0,0.0,0.0,0.0,0.0,0.0,0.0,0.0,1,1000,0.0833,0.053,0.053,Solution annealing,Water Quenching,3.5 wt% NaCl,Processed/Treated,Water-based Cooling,Chloride/Saline Solution
69.5125,20.16,8.93,0.22,1.02,1.07,0.0,0.0023,0.017,0.02,0.046,0.0,0.0,0.0022,0.0,0.0,0.0,0.0,0.0,0.0,0.0,0.0,0.0,1,25,0.0166,0.0259,0.0259,Asreceived/Asbuilt/Asweld/Ascast/Asmade/Asprinted,Water Quenching,NaCl-68.6 wt. % Na2SO4,As-received/Initial,Water-based Cooling,Other/Mixed/Sulfate
69.5125,20.16,8.93,0.22,1.02,1.07,0.0,0.0023,0.017,0.02,0.046,0.0,0.0,0.0022,0.0,0.0,0.0,0.0,0.0,0.0,0.0,0.0,0.0,1,1180,8.0,0.0247,0.0247,Solution annealing,Water Quenching,NaCl-68.6 wt. % Na2SO4,Processed/Treated,Water-based Cooling,Other/Mixed/Sulfate
69.5125,20.16,8.93,0.22,1.02,1.07,0.0,0.0023,0.017,0.02,0.046,0.0,0.0,0.0022,0.0,0.0,0.0,0.0,0.0,0.0,0.0,0.0,0.0,1,1180,1.0,0.021,0.021,Solution annealing,Water Quenching,NaCl-68.6 wt. % Na2SO4,Processed/Treated,Water-based Cooling,Other/Mixed/Sulfate
69.5125,20.16,8.93,0.22,1.02,1.07,0.0,0.0023,0.017,0.02,0.046,0.0,0.0,0.0022,0.0,0.0,0.0,0.0,0.0,0.0,0.0,0.0,0.0,1,1180,1.0,0.02,0.02,Solution annealing,Water Quenching,NaCl-68.6 wt. % Na2SO4,Processed/Treated,Water-based Cooling,Other/Mixed/Sulfate
58.78,0.0,0.0,0.0,29.6,0.0,0.0,0.0,0.0,1.12,0.0,0.0,0.0,0.0,0.0,0.0,0.0,10.5,0.0,0.0,0.0,0.0,0.0,1,1050,2.0,0.05857,0.05857,Solution annealing,Water Quenching,0.05 mol/L NaCl,Processed/Treated,Water-based Cooling,Chloride/Saline Solution
56.03,0.0,0.0,3.0,29.9,0.0,0.0,0.0,0.0,1.07,0.0,0.0,0.0,0.0,0.0,0.0,0.0,10.3,0.0,0.0,0.0,0.0,0.0,1,1050,2.0,0.05442,0.05442,Solution annealing,Water Quenching,0.05 mol/L NaCl,Processed/Treated,Water-based Cooling,Chloride/Saline Solution
52.47,3.0,0.0,2.9,29.8,0.0,0.0,0.0,0.0,1.13,0.0,0.0,0.0,0.0,0.0,0.0,0.0,10.7,0.0,0.0,0.0,0.0,0.0,1,1050,2.0,0.05785,0.05785,Solution annealing,Water Quenching,0.05 mol/L NaCl,Processed/Treated,Water-based Cooling,Chloride/Saline Solution
55.97,3.0,0.0,0.0,29.2,0.0,0.0,0.0,0.0,1.13,0.0,0.0,0.0,0.0,0.0,0.0,0.0,10.7,0.0,0.0,0.0,0.0,0.0,1,1050,2.0,0.05428,0.05428,Solution annealing,Water Quenching,0.05 mol/L NaCl,Processed/Treated,Water-based Cooling,Chloride/Saline Solution
54.27,4.8,0.0,0.0,29.2,0.0,0.0,0.0,0.0,1.13,0.0,0.0,0.0,0.0,0.0,0.0,0.0,10.6,0.0,0.0,0.0,0.0,0.0,1,1050,2.0,0.05128,0.05128,Solution annealing,Water Quenching,0.05 mol/L NaCl,Processed/Treated,Water-based Cooling,Chloride/Saline Solution
99.317,0.02,0.02,0.02,0.28,0.14,0.02,0.023,0.03,0.19,0.02,0.02,0.0,0.0,0.0,0.0,0.0,0.0,0.0,0.0,0.0,0.0,0.0,1,890,1.0,0.082,0.082,Normalizing,Air Cooling,0.5 M NaCl,Processed/Treated,Air/Furnace Cooling,Chloride/Saline Solution
99.317,0.02,0.02,0.02,0.28,0.14,0.02,0.023,0.03,0.19,0.02,0.02,0.0,0.0,0.0,0.0,0.0,0.0,0.0,0.0,0.0,0.0,0.0,1,890,1.0,0.0978,0.0978,Solution annealing,Furnace Cooling,0.5 M NaCl,Processed/Treated,Air/Furnace Cooling,Chloride/Saline Solution
99.317,0.02,0.02,0.02,0.28,0.14,0.02,0.023,0.03,0.19,0.02,0.02,0.0,0.0,0.0,0.0,0.0,0.0,0.0,0.0,0.0,0.0,0.0,1,805,1.0,1.003,0.06,Intercritical annealing,Iced Water quenching,0.5 M NaCl,Processed/Treated,Water-based Cooling,Chloride/Saline Solution
94.83,1.1,1.6,0.0,1.2,1.0,0.0,0.0,0.0,0.27,0.0,0.0,0.0,0.0,0.0,0.0,0.0,0.0,0.0,0.0,0.0,0.0,0.0,1,280,2.0,0.084,0.084,Tempering,Air Cooling,3.5 wt% NaCl,Processed/Treated,Air/Furnace Cooling,Chloride/Saline Solution
94.83,1.1,1.6,0.0,1.2,1.0,0.0,0.0,0.0,0.27,0.0,0.0,0.0,0.0,0.0,0.0,0.0,0.0,0.0,0.0,0.0,0.0,0.0,1,280,3.0,0.163,0.03915460000000001,Tempering,Air Cooling,3.5 wt% NaCl,Processed/Treated,Air/Furnace Cooling,Chloride/Saline Solution
0.63,22.49,64.68,8.75,0.0,0.0,0.0,0.0,0.0,0.0,0.0,0.0,3.45,0.0,0.0,0.0,0.0,0.0,0.0,0.0,0.0,0.0,0.0,0,1038,1.0,0.026,0.026,Solution annealing,Ocean Water,3.5 wt% NaCl,Processed/Treated,Water-based Cooling,Chloride/Saline Solution
0.63,22.49,64.68,8.75,0.0,0.0,0.0,0.0,0.0,0.0,0.0,0.0,3.45,0.0,0.0,0.0,0.0,0.0,0.0,0.0,0.0,0.0,0.0,0,875,1.0,0.022,0.022,Stress relieving,Ocean Water,3.5 wt% NaCl,Processed/Treated,Water-based Cooling,Chloride/Saline Solution
0.63,22.49,64.68,8.75,0.0,0.0,0.0,0.0,0.0,0.0,0.0,0.0,3.45,0.0,0.0,0.0,0.0,0.0,0.0,0.0,0.0,0.0,0.0,0,2075,2.0,0.023,0.023,Solution annealing,Ocean Water,3.5 wt% NaCl,Processed/Treated,Water-based Cooling,Chloride/Saline Solution
0.63,22.49,64.68,8.75,0.0,0.0,0.0,0.0,0.0,0.0,0.0,0.0,3.45,0.0,0.0,0.0,0.0,0.0,0.0,0.0,0.0,0.0,0.0,1,25,0.0166,0.02,0.02,Asreceived/Asbuilt/Asweld/Ascast/Asmade/Asprinted,Ocean Water,3.5 wt% NaCl,As-received/Initial,Water-based Cooling,Chloride/Saline Solution
0.63,22.49,64.68,8.75,0.0,0.0,0.0,0.0,0.0,0.0,0.0,0.0,3.45,0.0,0.0,0.0,0.0,0.0,0.0,0.0,0.0,0.0,0.0,0,25,0.0166,0.021,0.021,Asreceived/Asbuilt/Asweld/Ascast/Asmade/Asprinted,Ocean Water,3.5 wt% NaCl,As-received/Initial,Water-based Cooling,Chloride/Saline Solution
61.14,18.0,14.0,1.47,0.0,1.45,0.0,0.0,0.0,0.0,0.0,0.0,0.92,0.19,0.18,0.0,1.0,0.0,0.6,0.63,0.2,0.22,0.0,1,1150,0.25,0.021,0.021,Quenching,Water Quenching,0.1 N NaCl = 0.1 M (molar) NaCl,Processed/Treated,Water-based Cooling,Chloride/Saline Solution
64.69,18.0,14.0,1.47,0.0,5.0,0.0,0.0,0.0,0.0,0.0,0.0,0.92,0.19,0.18,0.0,1.0,0.0,0.6,0.63,0.2,0.22,0.0,1,1150,0.25,0.0225,0.0225,Quenching,Water Quenching,0.1 N NaCl = 0.1 M (molar) NaCl,Processed/Treated,Water-based Cooling,Chloride/Saline Solution
65.14,18.0,14.0,1.47,0.0,1.45,0.0,0.0,0.0,0.0,0.0,0.0,0.92,0.19,0.18,0.0,5.0,0.0,0.6,0.63,0.2,0.22,0.0,1,1150,0.25,0.0212,0.0212,Quenching,Water Quenching,0.1 N NaCl = 0.1 M (molar) NaCl,Processed/Treated,Water-based Cooling,Chloride/Saline Solution
63.42,18.0,14.0,1.47,0.0,1.45,0.0,0.0,0.0,0.0,0.0,0.0,0.92,0.19,0.18,0.0,1.0,0.0,0.6,0.63,0.2,2.5,0.0,1,1150,0.25,0.02,0.02,Quenching,Water Quenching,0.1 N NaCl = 0.1 M (molar) NaCl,Processed/Treated,Water-based Cooling,Chloride/Saline Solution
64.67,18.0,14.0,5.0,0.0,1.45,0.0,0.0,0.0,0.0,0.0,0.0,0.92,0.19,0.18,0.0,1.0,0.0,0.6,0.63,0.2,0.22,0.0,1,1150,0.25,0.0125,0.0125,Quenching,Water Quenching,0.1 N NaCl = 0.1 M (molar) NaCl,Processed/Treated,Water-based Cooling,Chloride/Saline Solution
61.14,18.0,14.0,1.47,0.0,1.45,0.0,0.0,0.0,0.0,0.0,0.0,0.92,0.19,0.18,0.0,1.0,0.0,0.6,0.63,0.2,0.22,0.0,1,650,2.0,0.019,0.019,Solution annealing,Water Quenching,0.1 N NaCl = 0.1 M (molar) NaCl,Processed/Treated,Water-based Cooling,Chloride/Saline Solution
64.69,18.0,14.0,1.47,0.0,5.0,0.0,0.0,0.0,0.0,0.0,0.0,0.92,0.19,0.18,0.0,1.0,0.0,0.6,0.63,0.2,0.22,0.0,1,650,2.0,0.018,0.018,Solution annealing,Water Quenching,0.1 N NaCl = 0.1 M (molar) NaCl,Processed/Treated,Water-based Cooling,Chloride/Saline Solution
67.42,18.0,14.0,1.47,0.0,1.45,0.0,0.0,0.0,0.0,0.0,0.0,0.92,0.19,0.18,0.0,5.0,0.0,0.6,0.63,0.2,2.5,0.0,1,650,2.0,0.0195,0.0195,Solution annealing,Water Quenching,0.1 N NaCl = 0.1 M (molar) NaCl,Processed/Treated,Water-based Cooling,Chloride/Saline Solution
61.14,18.0,14.0,1.47,0.0,1.45,0.0,0.0,0.0,0.0,0.0,0.0,0.92,0.19,0.18,0.0,1.0,0.0,0.6,0.63,0.2,0.22,0.0,1,650,2.0,0.018,0.018,Solution annealing,Water Quenching,0.1 N NaCl = 0.1 M (molar) NaCl,Processed/Treated,Water-based Cooling,Chloride/Saline Solution
64.67,18.0,14.0,5.0,0.0,1.45,0.0,0.0,0.0,0.0,0.0,0.0,0.92,0.19,0.18,0.0,1.0,0.0,0.6,0.63,0.2,0.22,0.0,1,650,2.0,0.0162,0.0162,Solution annealing,Water Quenching,0.1 N NaCl = 0.1 M (molar) NaCl,Processed/Treated,Water-based Cooling,Chloride/Saline Solution
98.358,0.014,0.009,0.0,1.2,0.14,0.006,0.006,0.013,0.16,0.0,0.0,0.001,0.022,0.0,0.0,0.031,0.04,0.0,0.0,0.0,0.0,0.0,1,760,0.5,0.085,0.085,Intercritical annealing,Air Cooling,3.5 wt% NaCl,Processed/Treated,Air/Furnace Cooling,Chloride/Saline Solution
98.358,0.014,0.009,0.0,1.2,0.14,0.006,0.006,0.013,0.16,0.0,0.0,0.001,0.022,0.0,0.0,0.031,0.04,0.0,0.0,0.0,0.0,0.0,1,780,0.5,0.887,0.05700115402,Intercritical annealing,Air Cooling,3.5 wt% NaCl,Processed/Treated,Air/Furnace Cooling,Chloride/Saline Solution
98.358,0.014,0.009,0.0,1.2,0.14,0.006,0.006,0.013,0.16,0.0,0.0,0.001,0.022,0.0,0.0,0.031,0.04,0.0,0.0,0.0,0.0,0.0,1,800,0.5,0.0734,0.0734,Intercritical annealing,Air Cooling,3.5 wt% NaCl,Processed/Treated,Air/Furnace Cooling,Chloride/Saline Solution
98.358,0.014,0.009,0.0,1.2,0.14,0.006,0.006,0.013,0.16,0.0,0.0,0.001,0.022,0.0,0.0,0.031,0.04,0.0,0.0,0.0,0.0,0.0,1,840,0.5,0.082,0.082,Intercritical annealing,Air Cooling,3.5 wt% NaCl,Processed/Treated,Air/Furnace Cooling,Chloride/Saline Solution
98.358,0.014,0.009,0.0,1.2,0.14,0.006,0.006,0.013,0.16,0.0,0.0,0.001,0.022,0.0,0.0,0.031,0.04,0.0,0.0,0.0,0.0,0.0,1,820,0.5,0.891,0.05710730786,Intercritical annealing,Air Cooling,3.5 wt% NaCl,Processed/Treated,Air/Furnace Cooling,Chloride/Saline Solution
98.358,0.014,0.009,0.0,1.2,0.14,0.006,0.006,0.013,0.16,0.0,0.0,0.001,0.022,0.0,0.0,0.031,0.04,0.0,0.0,0.0,0.0,0.0,1,860,0.5,0.0867,0.0867,Intercritical annealing,Air Cooling,3.5 wt% NaCl,Processed/Treated,Air/Furnace Cooling,Chloride/Saline Solution
98.358,0.014,0.009,0.0,1.2,0.14,0.006,0.006,0.013,0.16,0.0,0.0,0.001,0.022,0.0,0.0,0.031,0.04,0.0,0.0,0.0,0.0,0.0,1,880,0.5,0.0875,0.0875,Intercritical annealing,Air Cooling,3.5 wt% NaCl,Processed/Treated,Air/Furnace Cooling,Chloride/Saline Solution
84.32,13.6,0.0,0.0,0.5,0.9,0.0,0.0,0.0,0.38,0.0,0.0,0.0,0.0,0.0,0.0,0.3,0.0,0.0,0.0,0.0,0.0,0.0,1,850,0.75,0.062,0.062,Stress relieving,Air Cooling,3.5 wt% NaCl,Processed/Treated,Air/Furnace Cooling,Chloride/Saline Solution
84.32,13.6,0.0,0.0,0.5,0.9,0.0,0.0,0.0,0.38,0.0,0.0,0.0,0.0,0.0,0.0,0.3,0.0,0.0,0.0,0.0,0.0,0.0,1,850,0.75,0.058,0.058,Stress relieving,Air Cooling,3.5 wt% NaCl,Processed/Treated,Air/Furnace Cooling,Chloride/Saline Solution
84.32,13.6,0.0,0.0,0.5,0.9,0.0,0.0,0.0,0.38,0.0,0.0,0.0,0.0,0.0,0.0,0.3,0.0,0.0,0.0,0.0,0.0,0.0,1,1020,0.25,0.047,0.047,Austenitization,Air Cooling,3.5 wt% NaCl,Processed/Treated,Air/Furnace Cooling,Chloride/Saline Solution
84.32,13.6,0.0,0.0,0.5,0.9,0.0,0.0,0.0,0.38,0.0,0.0,0.0,0.0,0.0,0.0,0.3,0.0,0.0,0.0,0.0,0.0,0.0,1,1020,0.25,0.04,0.04,Austenitization,Air Cooling,3.5 wt% NaCl,Processed/Treated,Air/Furnace Cooling,Chloride/Saline Solution
84.32,13.6,0.0,0.0,0.5,0.9,0.0,0.0,0.0,0.38,0.0,0.0,0.0,0.0,0.0,0.0,0.3,0.0,0.0,0.0,0.0,0.0,0.0,1,650,2.5,0.047,0.047,Tempering,Air Cooling,3.5 wt% NaCl,Processed/Treated,Air/Furnace Cooling,Chloride/Saline Solution
84.32,13.6,0.0,0.0,0.5,0.9,0.0,0.0,0.0,0.38,0.0,0.0,0.0,0.0,0.0,0.0,0.3,0.0,0.0,0.0,0.0,0.0,0.0,1,650,2.5,0.041,0.041,Tempering,Air Cooling,3.5 wt% NaCl,Processed/Treated,Air/Furnace Cooling,Chloride/Saline Solution
84.32,13.6,0.0,0.0,0.5,0.9,0.0,0.0,0.0,0.38,0.0,0.0,0.0,0.0,0.0,0.0,0.3,0.0,0.0,0.0,0.0,0.0,0.0,1,25,0.0166,0.056,0.056,Asreceived/Asbuilt/Asweld/Ascast/Asmade/Asprinted,Air Cooling,3.5 wt% NaCl,As-received/Initial,Air/Furnace Cooling,Chloride/Saline Solution
66.703,16.33,12.53,2.1,1.67,0.5,0.0,0.001,0.015,0.02,0.11,0.0,0.01,0.0,0.0,0.01,0.0,0.0,0.0,0.0,0.0,0.0,0.001,1,1050,2.33,0.0392,0.0392,Solution annealing,Furnace Cooling,0.5 mol/L Li2SO4 + 0.01 mol/L KSCN (potassium thiocyanate),Processed/Treated,Air/Furnace Cooling,Other/Mixed/Sulfate
66.703,16.33,12.53,2.1,1.67,0.5,0.0,0.001,0.015,0.02,0.11,0.0,0.01,0.0,0.0,0.01,0.0,0.0,0.0,0.0,0.0,0.0,0.001,1,25,0.0166,0.0455,0.0455,Asreceived/Asbuilt/Asweld/Ascast/Asmade/Asprinted,Furnace Cooling,0.5 mol/L Li2SO4 + 0.01 mol/L KSCN (potassium thiocyanate),As-received/Initial,Air/Furnace Cooling,Other/Mixed/Sulfate
66.703,16.33,12.53,2.1,1.67,0.5,0.0,0.001,0.015,0.02,0.11,0.0,0.01,0.0,0.0,0.01,0.0,0.0,0.0,0.0,0.0,0.0,0.001,1,760,1.0,0.0822,0.0822,Stress relieving,Furnace Cooling,0.5 mol/L Li2SO4 + 0.01 mol/L KSCN (potassium thiocyanate),Processed/Treated,Air/Furnace Cooling,Other/Mixed/Sulfate
79.071,17.0,0.0,0.75,1.0,1.0,0.0,0.03,0.049,1.1,0.0,0.0,0.0,0.0,0.0,0.0,0.0,0.0,0.0,0.0,0.0,0.0,0.0,1,1060,0.75,0.0356,0.0356,Hardening,Air Cooling,3.5 wt% NaCl,Processed/Treated,Air/Furnace Cooling,Chloride/Saline Solution
79.071,17.0,0.0,0.75,1.0,1.0,0.0,0.03,0.049,1.1,0.0,0.0,0.0,0.0,0.0,0.0,0.0,0.0,0.0,0.0,0.0,0.0,0.0,1,250,3.5,0.0294,0.0294,Tempering,Air Cooling,3.5 wt% NaCl,Processed/Treated,Air/Furnace Cooling,Chloride/Saline Solution
79.071,17.0,0.0,0.75,1.0,1.0,0.0,0.03,0.049,1.1,0.0,0.0,0.0,0.0,0.0,0.0,0.0,0.0,0.0,0.0,0.0,0.0,0.0,1,25,0.0166,0.069,0.069,Asreceived/Asbuilt/Asweld/Ascast/Asmade/Asprinted,Air Cooling,3.5 wt% NaCl,As-received/Initial,Air/Furnace Cooling,Chloride/Saline Solution
79.071,17.0,0.0,0.75,1.0,1.0,0.0,0.03,0.049,1.1,0.0,0.0,0.0,0.0,0.0,0.0,0.0,0.0,0.0,0.0,0.0,0.0,0.0,1,25,0.0166,0.07,0.07,Asreceived/Asbuilt/Asweld/Ascast/Asmade/Asprinted,Air Cooling,3.5 wt% NaCl,As-received/Initial,Air/Furnace Cooling,Chloride/Saline Solution
70.315,17.21,9.74,0.186,1.3,0.606,0.064,0.0,0.0,0.047,0.0,0.0,0.532,0.0,0.0,0.0,0.0,0.0,0.0,0.0,0.0,0.0,0.0,1,25,0.0166,0.079,0.079,Asreceived/Asbuilt/Asweld/Ascast/Asmade/Asprinted,Water Quenching,3.5 wt% NaCl,As-received/Initial,Water-based Cooling,Chloride/Saline Solution
68.29,19.0,9.5,0.06,2.1,0.45,0.07,0.0,0.0,0.03,0.0,0.0,0.5,0.0,0.0,0.0,0.0,0.0,0.0,0.0,0.0,0.0,0.0,1,690,8.0,0.11,0.090342,Stress relieving,Water Quenching,3.5 wt% NaCl,Processed/Treated,Water-based Cooling,Chloride/Saline Solution
10.15,28.9,54.32,0.0,3.79,0.59,0.0,0.0,0.0,0.02,0.0,0.0,1.84,0.27,0.0,0.0,0.0,0.12,0.0,0.0,0.0,0.0,0.0,1,615,16.0,0.053,0.053,Stress relieving,Air Cooling,primary water(800 ppm B3+ and 2.2 ppm Li+),Processed/Treated,Air/Furnace Cooling,Other/Mixed/Sulfate
10.15,28.9,54.32,0.0,3.79,0.59,0.0,0.0,0.0,0.02,0.0,0.0,1.84,0.27,0.0,0.0,0.0,0.12,0.0,0.0,0.0,0.0,0.0,1,615,48.0,0.029,0.029,Stress relieving,Air Cooling,primary water(800 ppm B3+ and 2.2 ppm Li+),Processed/Treated,Air/Furnace Cooling,Other/Mixed/Sulfate
10.15,28.9,54.32,0.0,3.79,0.59,0.0,0.0,0.0,0.02,0.0,0.0,1.84,0.27,0.0,0.0,0.0,0.12,0.0,0.0,0.0,0.0,0.0,1,25,0.0166,0.054,0.054,Asreceived/Asbuilt/Asweld/Ascast/Asmade/Asprinted,Air Cooling,primary water(800 ppm B3+ and 2.2 ppm Li+),As-received/Initial,Air/Furnace Cooling,Other/Mixed/Sulfate
82.072,12.74,3.71,0.53,0.6,0.3,0.0,0.01,0.008,0.03,0.0,0.0,0.0,0.0,0.0,0.0,0.0,0.0,0.0,0.0,0.0,0.0,0.0,1,600,2.0,0.06,0.06,Tempering,Air Cooling,H2SO4 + 0.04 M NaCl,Processed/Treated,Air/Furnace Cooling,Acidic Solution
70.239,21.7,4.0,1.64,1.72,0.32,0.17,0.001,0.025,0.015,0.17,0.0,0.0,0.0,0.0,0.0,0.0,0.0,0.0,,0.0,0.0,0.0,1,700,120.0,0.021,0.021,Solution aging,Water Quenching,0.05 mol/L NaCl,Processed/Treated,Water-based Cooling,Chloride/Saline Solution
96.74,0.13,0.6,0.56,1.41,0.24,0.12,0.0,0.0,0.2,0.0,0.0,0.0,0.0,0.0,0.0,0.0,0.0,0.0,0.0,0.0,0.0,0.0,1,610,24.0,0.0159,0.0159,Asreceived/Asbuilt/Asweld/Ascast/Asmade/Asprinted,Air Cooling,3.5 wt% NaCl,As-received/Initial,Air/Furnace Cooling,Chloride/Saline Solution
57.71,24.5,14.0,0.75,2.5,0.4,0.11,0.0,0.0,0.03,0.0,0.0,0.0,0.0,0.0,0.0,0.0,0.0,0.0,0.0,0.0,0.0,0.0,1,610,0.5,0.0774,0.0774,Stress relieving,Air Cooling,3.5 wt% NaCl,Processed/Treated,Air/Furnace Cooling,Chloride/Saline Solution
61.43,24.0,13.0,0.05,0.8,0.6,0.1,0.0,0.0,0.002,0.0,0.0,0.0,0.0,0.0,0.0,0.0,0.0,0.0,0.0,0.0,0.0,0.0,1,610,24.0,0.0778,0.0778,Asreceived/Asbuilt/Asweld/Ascast/Asmade/Asprinted,Air Cooling,3.5 wt% NaCl,As-received/Initial,Air/Furnace Cooling,Chloride/Saline Solution
76.5595,15.1,4.5,2.54,0.72,0.33,0.0,0.0035,0.009,0.15,0.088,0.0,0.0,0.0,0.0,0.0,0.0,0.0,0.0,0.0,0.0,0.0,0.0,1,1035,3.0,0.1085,0.0917907,Solution annealing,Air Cooling,0.1 M NaOH,Processed/Treated,Air/Furnace Cooling,Basic/Alkaline Solution
76.5595,15.1,4.5,2.54,0.72,0.33,0.0,0.0035,0.009,0.15,0.088,0.0,0.0,0.0,0.0,0.0,0.0,0.0,0.0,0.0,0.0,0.0,0.0,1,-70,1.0,0.1085,0.0917907,Solution annealing,Air Cooling,0.1 M NaOH,Processed/Treated,Air/Furnace Cooling,Basic/Alkaline Solution
76.5595,15.1,4.5,2.54,0.72,0.33,0.0,0.0035,0.009,0.15,0.088,0.0,0.0,0.0,0.0,0.0,0.0,0.0,0.0,0.0,0.0,0.0,0.0,1,950,1.0,0.1085,0.0917907,Solution annealing,Air Cooling,0.1 M NaOH,Processed/Treated,Air/Furnace Cooling,Basic/Alkaline Solution
76.5595,15.1,4.5,2.54,0.72,0.33,0.0,0.0035,0.009,0.15,0.088,0.0,0.0,0.0,0.0,0.0,0.0,0.0,0.0,0.0,0.0,0.0,0.0,1,-70,1.0,0.1085,0.0917907,Solution annealing,Air Cooling,0.1 M NaOH,Processed/Treated,Air/Furnace Cooling,Basic/Alkaline Solution
76.5595,15.1,4.5,2.54,0.72,0.33,0.0,0.0035,0.009,0.15,0.088,0.0,0.0,0.0,0.0,0.0,0.0,0.0,0.0,0.0,0.0,0.0,0.0,1,450,1.0,0.1085,0.0917907,Stress relieving,Air Cooling,0.1 M NaOH,Processed/Treated,Air/Furnace Cooling,Basic/Alkaline Solution
84.98,13.7,0.0,0.39,0.47,0.0,0.0,0.0,0.0,0.46,0.0,0.0,0.0,0.0,0.0,0.0,0.0,0.0,0.0,0.0,0.0,0.0,0.0,1,950,1.0,0.0886,0.0886,Solution annealing,Water Quenching,0.1-M HCl,Processed/Treated,Water-based Cooling,Acidic Solution
84.98,13.7,0.0,0.39,0.47,0.0,0.0,0.0,0.0,0.46,0.0,0.0,0.0,0.0,0.0,0.0,0.0,0.0,0.0,0.0,0.0,0.0,0.0,1,250,1.0,0.0906,0.0906,Tempering,Air Cooling,0.1-M HCl,Processed/Treated,Air/Furnace Cooling,Acidic Solution
84.98,13.7,0.0,0.39,0.47,0.0,0.0,0.0,0.0,0.46,0.0,0.0,0.0,0.0,0.0,0.0,0.0,0.0,0.0,0.0,0.0,0.0,0.0,1,400,1.0,0.0858,0.0858,Tempering,Air Cooling,0.1-M HCl,Processed/Treated,Air/Furnace Cooling,Acidic Solution
84.98,13.7,0.0,0.39,0.47,0.0,0.0,0.0,0.0,0.46,0.0,0.0,0.0,0.0,0.0,0.0,0.0,0.0,0.0,0.0,0.0,0.0,0.0,1,550,1.0,0.09357,0.09357,Tempering,Air Cooling,0.1-M HCl,Processed/Treated,Air/Furnace Cooling,Acidic Solution
84.98,13.7,0.0,0.39,0.47,0.0,0.0,0.0,0.0,0.46,0.0,0.0,0.0,0.0,0.0,0.0,0.0,0.0,0.0,0.0,0.0,0.0,0.0,1,700,1.0,0.10038,0.09963299600000002,Tempering,Air Cooling,0.1-M HCl,Processed/Treated,Air/Furnace Cooling,Acidic Solution
65.624,22.35,6.1,2.78,1.33,0.61,1.06,0.008,0.03,0.025,0.083,0.0,0.0,0.0,0.0,0.0,0.0,0.0,0.0,0.0,0.0,0.0,0.0,1,1050,0.5,0.1942,0.009021639999999997,Solution annealing,Water Quenching,3.5 wt% NaCl,Processed/Treated,Water-based Cooling,Chloride/Saline Solution
70.417,18.4,5.01,2.78,1.56,1.6,0.08,0.01,0.027,0.03,0.086,0.0,0.0,0.0,0.0,0.0,0.0,0.0,0.0,0.0,0.0,0.0,0.0,1,1050,0.5,0.1581,0.04388702000000003,Solution annealing,Water Quenching,3.5 wt% NaCl,Processed/Treated,Water-based Cooling,Chloride/Saline Solution
64.1,17.9,12.36,2.47,1.36,0.0,0.0,0.0,0.0,0.0,0.0,0.0,0.0,0.0,0.0,0.0,0.0,0.0,0.0,0.0,0.0,0.0,0.0,0,25,0.0166,0.0608,0.0608,Asreceived/Asbuilt/Asweld/Ascast/Asmade/Asprinted,Water Quenching,0.1-M HCl,As-received/Initial,Water-based Cooling,Acidic Solution
64.1,17.9,12.36,2.47,1.36,0.0,0.0,0.0,0.0,0.0,0.0,0.0,0.0,0.0,0.0,0.0,0.0,0.0,0.0,0.0,0.0,0.0,0.0,1,1100,3.0,0.079,0.079,Solution annealing,Water Quenching,0.1-M HCl,Processed/Treated,Water-based Cooling,Acidic Solution
67.492,22.39,5.68,3.13,1.1,0.0,0.0,0.001,0.023,0.014,0.17,0.0,0.0,0.0,0.0,0.0,0.0,0.0,0.0,0.0,0.0,0.0,0.0,1,1050,1.0,0.04725,0.04725,Solution annealing,Water Quenching,3.5 wt% NaCl,Processed/Treated,Water-based Cooling,Chloride/Saline Solution
67.492,23.39,5.68,3.13,1.1,0.0,0.0,0.001,0.023,0.014,0.17,0.0,0.0,0.0,0.0,0.0,0.0,0.0,0.0,0.0,0.0,0.0,0.0,1,1050,1.0,0.05775,0.05775,Solution annealing,Water Quenching,3.5 wt% NaCl,Processed/Treated,Water-based Cooling,Chloride/Saline Solution
67.492,24.39,5.68,3.13,1.1,0.0,0.0,0.001,0.023,0.014,0.17,0.0,0.0,0.0,0.0,0.0,0.0,0.0,0.0,0.0,0.0,0.0,0.0,1,1050,1.0,0.07375,0.07375,Solution annealing,Water Quenching,3.5 wt% NaCl,Processed/Treated,Water-based Cooling,Chloride/Saline Solution
67.492,25.39,5.68,3.13,1.1,0.0,0.0,0.001,0.023,0.014,0.17,0.0,0.0,0.0,0.0,0.0,0.0,0.0,0.0,0.0,0.0,0.0,0.0,1,1050,1.0,0.0585,0.0585,Solution annealing,Water Quenching,3.5 wt% NaCl,Processed/Treated,Water-based Cooling,Chloride/Saline Solution
67.492,26.39,5.68,3.13,1.1,0.0,0.0,0.001,0.023,0.014,0.17,0.0,0.0,0.0,0.0,0.0,0.0,0.0,0.0,0.0,0.0,0.0,0.0,1,1050,1.0,0.059875,0.059875,Solution annealing,Water Quenching,3.5 wt% NaCl,Processed/Treated,Water-based Cooling,Chloride/Saline Solution
98.7,0.095,0.044,0.02,0.54,0.199,0.059,0.037,0.027,0.247,0.0,0.0,0.0,0.0,0.0,0.0,0.0,0.0,0.0,0.0,0.0,0.0,0.0,1,750,2.0,0.1689,0.03345638000000001,Solution annealing,Air Cooling,H2SO4,Processed/Treated,Air/Furnace Cooling,Acidic Solution
98.7,0.095,0.044,0.02,0.54,0.199,0.059,0.037,0.027,0.247,0.0,0.0,0.0,0.0,0.0,0.0,0.0,0.0,0.0,0.0,0.0,0.0,0.0,1,750,2.0,0.125,0.075855,Solution annealing,Air Cooling,H2SO4,Processed/Treated,Air/Furnace Cooling,Acidic Solution
98.7,0.095,0.044,0.02,0.54,0.199,0.059,0.037,0.027,0.247,0.0,0.0,0.0,0.0,0.0,0.0,0.0,0.0,0.0,0.0,0.0,0.0,0.0,1,750,2.0,0.1678,0.03451876000000001,Solution annealing,Air Cooling,H2SO4,Processed/Treated,Air/Furnace Cooling,Acidic Solution
98.7,0.095,0.044,0.02,0.54,0.199,0.059,0.037,0.027,0.247,0.0,0.0,0.0,0.0,0.0,0.0,0.0,0.0,0.0,0.0,0.0,0.0,0.0,1,750,2.0,0.1743,0.028241059999999985,Solution annealing,Air Cooling,H2SO4,Processed/Treated,Air/Furnace Cooling,Acidic Solution
98.7,0.095,0.044,0.02,0.54,0.199,0.059,0.037,0.027,0.247,0.0,0.0,0.0,0.0,0.0,0.0,0.0,0.0,0.0,0.0,0.0,0.0,0.0,1,750,2.0,0.1885,0.014526700000000003,Solution annealing,Air Cooling,H2SO4,Processed/Treated,Air/Furnace Cooling,Acidic Solution
97.678,0.06,0.15,0.18,1.29,0.002,0.13,0.002,0.009,0.09,0.006,0.0,0.03,0.001,0.0,0.0,0.05,0.034,0.0,0.0,0.0,0.0,0.0,1,25,0.0833,0.0727,0.0727,Cooling,Air Cooling,3.5 wt% NaCl,Processed/Treated,Air/Furnace Cooling,Chloride/Saline Solution
97.678,0.06,0.15,0.18,1.29,0.002,0.13,0.002,0.009,0.09,0.006,0.0,0.03,0.001,0.0,0.0,0.05,0.034,0.0,0.0,0.0,0.0,0.0,1,25,0.0833,0.07625,0.07625,Cooling,Oil Quenching,3.5 wt% NaCl,Processed/Treated,Oil-based Cooling,Chloride/Saline Solution
97.678,0.06,0.15,0.18,1.29,0.002,0.13,0.002,0.009,0.09,0.006,0.0,0.03,0.001,0.0,0.0,0.05,0.034,0.0,0.0,0.0,0.0,0.0,1,25,0.0833,0.08597,0.08597,Cooling,Water Quenching,3.5 wt% NaCl,Processed/Treated,Water-based Cooling,Chloride/Saline Solution
1.0,16.0,55.48,4.0,0.0,0.0,0.0,0.0,0.0,0.02,0.0,0.0,0.7,3.7,4.0,13.0,0.0,2.1,0.0,0.0,0.0,0.0,0.0,1,700,1.0,0.074146,0.074146,Solution annealing,Deionized Water,NaCl-68.6 wt. % Na2SO4,Processed/Treated,Water-based Cooling,Other/Mixed/Sulfate
97.997,0.0,0.0,0.0,1.25,0.45,0.0,0.022,0.03,0.2,0.0,0.0,0.0,0.0,0.0,0.0,0.05,0.0,0.0,0.0,0.0,0.0,0.0,1,900,0.0166,0.1027,0.09739234000000001,Asreceived/Asbuilt/Asweld/Ascast/Asmade/Asprinted,Oil cooling,3.5 wt% NaCl,As-received/Initial,Oil-based Cooling,Chloride/Saline Solution
97.997,0.0,0.0,0.0,1.25,0.45,0.0,0.022,0.03,0.2,0.0,0.0,0.0,0.0,0.0,0.0,0.05,0.0,0.0,0.0,0.0,0.0,0.0,1,735,1.0,0.1504,0.05132368000000001,Solution annealing,Oil cooling,3.5 wt% NaCl,Processed/Treated,Oil-based Cooling,Chloride/Saline Solution
97.997,0.0,0.0,0.0,1.25,0.45,0.0,0.022,0.03,0.2,0.0,0.0,0.0,0.0,0.0,0.0,0.05,0.0,0.0,0.0,0.0,0.0,0.0,1,775,1.0,0.1503,0.05142026000000002,Solution annealing,Oil cooling,3.5 wt% NaCl,Processed/Treated,Oil-based Cooling,Chloride/Saline Solution
97.997,0.0,0.0,0.0,1.25,0.45,0.0,0.022,0.03,0.2,0.0,0.0,0.0,0.0,0.0,0.0,0.05,0.0,0.0,0.0,0.0,0.0,0.0,1,735,1.0,0.1663,0.03596746000000001,Solution annealing,Oil cooling,3.5 wt% NaCl,Processed/Treated,Oil-based Cooling,Chloride/Saline Solution
97.997,0.0,0.0,0.0,1.25,0.45,0.0,0.022,0.03,0.2,0.0,0.0,0.0,0.0,0.0,0.0,0.05,0.0,0.0,0.0,0.0,0.0,0.0,1,775,1.0,0.16788,0.034441496000000016,Solution annealing,Oil cooling,3.5 wt% NaCl,Processed/Treated,Oil-based Cooling,Chloride/Saline Solution
97.997,0.0,0.0,0.0,1.25,0.45,0.0,0.022,0.03,0.2,0.0,0.0,0.0,0.0,0.0,0.0,0.05,0.0,0.0,0.0,0.0,0.0,0.0,1,775,1.0,0.15404,0.047808167999999984,Solution annealing,Oil cooling,3.5 wt% NaCl,Processed/Treated,Oil-based Cooling,Chloride/Saline Solution
63.493,25.32,6.7,4.15,0.0,0.015,0.0,0.0,0.032,0.03,0.26,0.0,0.0,0.0,0.0,0.0,0.0,0.0,0.0,0.0,0.0,0.0,0.0,1,1100,2.0,0.03939,0.03939,Cooling,Water Quenching,3.5 wt% NaCl,Processed/Treated,Water-based Cooling,Chloride/Saline Solution
63.493,25.32,6.7,4.15,0.0,0.015,0.0,0.0,0.032,0.03,0.26,0.0,0.0,0.0,0.0,0.0,0.0,0.0,0.0,0.0,0.0,0.0,0.0,1,1080,2.0,0.04402,0.04402,Cooling,Water Quenching,3.5 wt% NaCl,Processed/Treated,Water-based Cooling,Chloride/Saline Solution
63.493,25.32,6.7,4.15,0.0,0.015,0.0,0.0,0.032,0.03,0.26,0.0,0.0,0.0,0.0,0.0,0.0,0.0,0.0,0.0,0.0,0.0,0.0,1,1060,2.0,0.036,0.036,Cooling,Water Quenching,3.5 wt% NaCl,Processed/Treated,Water-based Cooling,Chloride/Saline Solution
63.493,25.32,6.7,4.15,0.0,0.015,0.0,0.0,0.032,0.03,0.26,0.0,0.0,0.0,0.0,0.0,0.0,0.0,0.0,0.0,0.0,0.0,0.0,1,1040,2.0,0.0466,0.0466,Cooling,Water Quenching,3.5 wt% NaCl,Processed/Treated,Water-based Cooling,Chloride/Saline Solution
63.493,25.32,6.7,4.15,0.0,0.015,0.0,0.0,0.032,0.03,0.26,0.0,0.0,0.0,0.0,0.0,0.0,0.0,0.0,0.0,0.0,0.0,0.0,1,1000,2.0,0.03987,0.03987,Cooling,Water Quenching,3.5 wt% NaCl,Processed/Treated,Water-based Cooling,Chloride/Saline Solution
63.493,25.32,6.7,4.15,0.0,0.015,0.0,0.0,0.032,0.03,0.26,0.0,0.0,0.0,0.0,0.0,0.0,0.0,0.0,0.0,0.0,0.0,0.0,1,950,2.0,0.03179,0.03179,Cooling,Water Quenching,3.5 wt% NaCl,Processed/Treated,Water-based Cooling,Chloride/Saline Solution
97.7,0.0,0.0,0.0,1.12,0.24,0.0,0.021,0.026,0.7,0.0,0.0,0.013,0.0,0.0,0.0,0.0,0.0,0.0,0.0725,0.0,0.0,0.0,1,950,0.2,0.086,0.086,Solution annealing,Water Quenching,3.5 wt% NaCl,Processed/Treated,Water-based Cooling,Chloride/Saline Solution
97.7,0.0,0.0,0.0,1.12,0.24,0.0,0.021,0.026,0.7,0.0,0.0,0.013,0.0,0.0,0.0,0.0,0.0,0.0,0.0725,0.0,0.0,0.0,1,650,3.0,0.103,0.09710260000000001,Solution annealing,Air Cooling,3.5 wt% NaCl,Processed/Treated,Air/Furnace Cooling,Chloride/Saline Solution
97.7,0.0,0.0,0.0,1.12,0.24,0.0,0.021,0.026,0.7,0.0,0.0,0.013,0.0,0.0,0.0,0.0,0.0,0.0,0.0725,0.0,0.0,0.0,1,400,22.0,0.92,0.0578769232,Tempering,Oil Quenching,3.5 wt% NaCl,Processed/Treated,Oil-based Cooling,Chloride/Saline Solution
97.7,0.0,0.0,0.0,1.12,0.24,0.0,0.021,0.026,0.7,0.0,0.0,0.013,0.0,0.0,0.0,0.0,0.0,0.0,0.0725,0.0,0.0,0.0,1,950,0.2,0.87,0.0565500002,Solution annealing,Oil Quenching,3.5 wt% NaCl,Processed/Treated,Oil-based Cooling,Chloride/Saline Solution
97.7,0.0,0.0,0.0,1.12,0.24,0.0,0.021,0.026,0.7,0.0,0.0,0.013,0.0,0.0,0.0,0.0,0.0,0.0,0.0725,0.0,0.0,0.0,1,25,0.0166,0.944,0.05851384624,Asreceived/Asbuilt/Asweld/Ascast/Asmade/Asprinted,Oil Quenching,3.5 wt% NaCl,As-received/Initial,Oil-based Cooling,Chloride/Saline Solution
67.343,24.1,3.39,1.54,3.01,0.37,0.0,0.004,0.012,0.001,0.23,0.0,0.0,0.0,0.0,0.0,0.0,0.0,0.0,0.0,0.0,0.0,0.0,1,700,0.0,0.01583,0.01583,Solution aging,Water Quenching,1 M NaCl=1mol/L NaCl,Processed/Treated,Water-based Cooling,Chloride/Saline Solution
67.343,24.1,3.39,1.54,3.01,0.37,0.0,0.004,0.012,0.001,0.23,0.0,0.0,0.0,0.0,0.0,0.0,0.0,0.0,0.0,0.0,0.0,0.0,1,700,0.1,0.0229,0.0229,Solution aging,Water Quenching,1 M NaCl=1mol/L NaCl,Processed/Treated,Water-based Cooling,Chloride/Saline Solution
67.343,24.1,3.39,1.54,3.01,0.37,0.0,0.004,0.012,0.001,0.23,0.0,0.0,0.0,0.0,0.0,0.0,0.0,0.0,0.0,0.0,0.0,0.0,1,700,0.5,0.02235,0.02235,Solution aging,Water Quenching,1 M NaCl=1mol/L NaCl,Processed/Treated,Water-based Cooling,Chloride/Saline Solution
67.343,24.1,3.39,1.54,3.01,0.37,0.0,0.004,0.012,0.001,0.23,0.0,0.0,0.0,0.0,0.0,0.0,0.0,0.0,0.0,0.0,0.0,0.0,1,700,1.0,0.02484,0.02484,Solution aging,Water Quenching,1 M NaCl=1mol/L NaCl,Processed/Treated,Water-based Cooling,Chloride/Saline Solution
67.343,24.1,3.39,1.54,3.01,0.37,0.0,0.004,0.012,0.001,0.23,0.0,0.0,0.0,0.0,0.0,0.0,0.0,0.0,0.0,0.0,0.0,0.0,1,700,4.0,0.02674,0.02674,Solution aging,Water Quenching,1 M NaCl=1mol/L NaCl,Processed/Treated,Water-based Cooling,Chloride/Saline Solution
67.343,24.1,3.39,1.54,3.01,0.37,0.0,0.004,0.012,0.001,0.23,0.0,0.0,0.0,0.0,0.0,0.0,0.0,0.0,0.0,0.0,0.0,0.0,1,700,8.0,0.0352,0.0352,Solution aging,Water Quenching,1 M NaCl=1mol/L NaCl,Processed/Treated,Water-based Cooling,Chloride/Saline Solution
67.343,24.1,3.39,1.54,3.01,0.37,0.0,0.004,0.012,0.001,0.23,0.0,0.0,0.0,0.0,0.0,0.0,0.0,0.0,0.0,0.0,0.0,0.0,1,700,16.0,0.039625,0.039625,Solution aging,Water Quenching,1 M NaCl=1mol/L NaCl,Processed/Treated,Water-based Cooling,Chloride/Saline Solution
67.343,24.1,3.39,1.54,3.01,0.37,0.0,0.004,0.012,0.001,0.23,0.0,0.0,0.0,0.0,0.0,0.0,0.0,0.0,0.0,0.0,0.0,0.0,1,700,48.0,0.042516,0.042516,Solution aging,Water Quenching,1 M NaCl=1mol/L NaCl,Processed/Treated,Water-based Cooling,Chloride/Saline Solution
67.343,24.1,3.39,1.54,3.01,0.37,0.0,0.004,0.012,0.001,0.23,0.0,0.0,0.0,0.0,0.0,0.0,0.0,0.0,0.0,0.0,0.0,0.0,1,700,100.0,0.04204,0.04204,Solution aging,Water Quenching,1 M NaCl=1mol/L NaCl,Processed/Treated,Water-based Cooling,Chloride/Saline Solution
68.927,23.55,4.88,0.38,1.34,0.41,0.25,0.012,0.021,0.03,0.1,0.0,0.0,0.0,0.0,0.0,0.1,0.0,0.0,0.0,0.0,0.0,0.0,1,25,0.0166,0.1333333333,0.06780666669886001,Asreceived/Asbuilt/Asweld/Ascast/Asmade/Asprinted,Air Cooling,1 M NaCl=1mol/L NaCl,As-received/Initial,Air/Furnace Cooling,Chloride/Saline Solution
68.927,23.55,4.88,0.38,1.34,0.41,0.25,0.012,0.021,0.03,0.1,0.0,0.0,0.0,0.0,0.0,0.1,0.0,0.0,0.0,0.0,0.0,0.0,1,750,0.0833,0.1257861635,0.07509572329170001,Solution aging,Air Cooling,1 M NaCl=1mol/L NaCl,Processed/Treated,Air/Furnace Cooling,Chloride/Saline Solution
68.927,23.55,4.88,0.38,1.34,0.41,0.25,0.012,0.021,0.03,0.1,0.0,0.0,0.0,0.0,0.0,0.1,0.0,0.0,0.0,0.0,0.0,0.0,1,750,0.166,0.09389312977,0.09389312977,Solution aging,Air Cooling,1 M NaCl=1mol/L NaCl,Processed/Treated,Air/Furnace Cooling,Chloride/Saline Solution
68.927,23.55,4.88,0.38,1.34,0.41,0.25,0.012,0.021,0.03,0.1,0.0,0.0,0.0,0.0,0.0,0.1,0.0,0.0,0.0,0.0,0.0,0.0,1,750,1.0,0.04941176471,0.04941176471,Solution aging,Air Cooling,1 M NaCl=1mol/L NaCl,Processed/Treated,Air/Furnace Cooling,Chloride/Saline Solution
54.07,20.37,18.14,6.1,0.65,0.343,0.0024,0.0,0.0,0.005,0.19,0.0,0.0,0.0,0.0,0.0,0.0,0.0,0.0,0.0,0.0,0.0,0.0,1,1200,2.0,0.03448275862,0.03448275862,Solution annealing,water cooling,3.5 wt% NaCl,Processed/Treated,Water-based Cooling,Chloride/Saline Solution
53.61,20.25,18.23,6.11,0.66,0.342,0.4534,0.0,0.0,0.0056,0.22,0.0,0.0,0.0,0.0,0.0,0.0,0.0,0.0,0.0,0.0,0.0,0.0,1,1200,2.0,0.03157232704,0.03157232704,Solution annealing,water cooling,3.5 wt% NaCl,Processed/Treated,Water-based Cooling,Chloride/Saline Solution
53.06,20.27,18.21,6.15,0.66,0.341,0.937,0.0,0.0,0.0052,0.23,0.0,0.0,0.0,0.0,0.0,0.0,0.0,0.0,0.0,0.0,0.0,0.0,1,1200,2.0,0.03077889447,0.03077889447,Solution annealing,water cooling,3.5 wt% NaCl,Processed/Treated,Water-based Cooling,Chloride/Saline Solution
52.38,20.37,18.31,6.14,0.66,0.336,1.45,0.0,0.0,0.005,0.22,0.0,0.0,0.0,0.0,0.0,0.0,0.0,0.0,0.0,0.0,0.0,0.0,1,1200,2.0,0.03315579228,0.03315579228,Solution annealing,water cooling,3.5 wt% NaCl,Processed/Treated,Water-based Cooling,Chloride/Saline Solution
52.38,20.02,18.21,6.11,0.66,0.339,1.91,0.0,0.0,0.0059,0.24,0.0,0.0,0.0,0.0,0.0,0.0,0.0,0.0,0.0,0.0,0.0,0.0,1,1200,2.0,0.03128205128,0.03128205128,Solution annealing,water cooling,3.5 wt% NaCl,Processed/Treated,Water-based Cooling,Chloride/Saline Solution
